randomseed,drone_no,t,delta_des,delta_l,delta_f2,delta_f3,delta_obs..1.,delta_obs..2.,delta_obs..3.,delta_wall
688,1,1,0.572785137589038,0.422391277184819,0.003520526787448,0.001303058438696,0,0,0,0
689,1,2,0.570441127784845,0.288459015082963,0.013829491374771,0.127270365757421,0,0,0,0
690,1,3,0.506045791007933,0.402491962351385,0.019440058730021,0.072022187910661,0,0,0,0
691,1,4,0.469038778137506,0.206595492623307,0.036095000008678,0.288270729230509,0,0,0,0
692,1,5,0.229229187374226,0.053937732029347,0.047983338716886,0.66884974187954,0,0,0,0
693,1,6,0.25200819169085,0.058537337609384,0.001258458618448,0.688196012081319,0,0,0,0
694,1,7,0.110252397655589,0.310796000242663,0,0.578951602101748,0,0,0,0
695,1,8,0.10747002500146,0.489713306675286,0,0.402816668323254,0,0,0,0
696,1,9,0.127178042517109,0.16501649507079,0,0.707805462412102,0,0,0,0
697,1,10,0.157504616196813,0.534709557486759,0,0.307785826316427,0,0,0,0
698,1,11,0.490343651000825,0.157350919839788,0,0.352305429159387,0,0,0,0
699,1,12,0.580446298056825,0.410998109443419,0,0.008555592499757,0,0,0,0
700,1,13,0.618055649723419,0.132234956702653,0,0.249709393573927,0,0,0,0
701,1,14,0.493395262582579,0.49971195226608,0,0.006892785151341,0,0,0,0
702,1,15,0.574842740320352,0.116695294126407,0,0.30846196555324,0,0,0,0
703,1,16,0.538917888236081,0.251865632877089,0,0.209216478886831,0,0,0,0
704,1,17,0.445853778731866,0.493411408299952,0,0.060734812968182,0,0,0,0
705,1,18,0.391722218567015,0.064931542650784,0,0.543346238782201,0,0,0,0
706,1,19,0.504113854144537,0.229594146013902,0,0.266291999841561,0,0,0,0
707,1,20,0.351844893397088,0.573848763972592,0.001491652126678,0.072814690503641,0,0,0,0
708,1,21,0.418155749003069,0.081634530476499,0.008075922620422,0.49213379790001,0,0,0,0
709,1,22,0.355638234049352,0.107428108636895,5.37940199185489E-05,0.536879863293834,0,0,0,0
710,1,23,0.346120500916546,0.080064368590262,0,0.573815130493191,0,0,0,0
711,1,24,0.338385937484364,0.099080133332458,0,0.562533929183178,0,0,0,0
712,1,25,0.305039610727874,0.029844550665976,0,0.66511583860615,0,0,0,0
713,1,26,0.452183098241016,0.01392114527029,0,0.533895756488694,0,0,0,0
714,1,27,0.467608451985313,0.031080748287708,0,0.50131079972698,0,0,0,0
715,1,28,0.705374474041874,0.077663445914933,0,0.216962080043193,0,0,0,0
716,1,29,0.858243446734856,0.010360832853642,0,0.131395720411502,0,0,0,0
717,1,30,0.920520427921454,0.07208503336464,0,0.007394538713907,0,0,0,0
718,1,31,0.888364007254771,0.06559858326953,0,0.046037409475699,0,0,0,0
719,1,32,0.881906469930887,0.001195888692829,0,0.116897641376284,0,0,0,0
720,1,33,0.461591768134556,0.144377653756733,0,0.394030578108711,0,0,0,0
721,1,34,0.936503522095886,0.040713189444339,0,0.022783288459775,0,0,0,0
722,1,35,0.932295756591391,0.014889789778266,0,0.052814453630342,0,0,0,0
723,1,36,0.924056577188269,0.023543088668892,0,0.052400334142839,0,0,0,0
724,1,37,0.940521967201732,0.02544149082572,0,0.034036541972548,0,0,0,0
725,1,38,0.939975783961088,0.031078412005436,0,0.028945804033476,0,0,0,0
726,1,39,0.932834238151533,0.044222987284968,0,0.022942774563499,0,0,0,0
727,1,40,0.929022401467702,0.046763280790521,0,0.024214317741778,0,0,0,0
728,1,41,0.922590383791979,0.051466627991288,0,0.025942988216733,0,0,0,0
729,1,42,0.925295439974531,0.051904918674727,0,0.022799641350742,0,0,0,0
730,1,43,0.926241317194303,0.048925181889699,0,0.024833500915998,0,0,0,0
731,1,44,0.920176751553988,0.064666910244012,0,0.015156338202,0,0,0,0
732,1,45,0.930011895751247,0.045544326428965,0,0.024443777819789,0,0,0,0
733,1,46,0.925012148782938,0.055971754770298,0.000138862498244,0.01887723394852,0,0,0,0
734,1,47,0.890944529051112,0.056947091575431,0.000130012174291,0.051978367199167,0,0,0,0
735,1,48,0.855692098161433,0.068273101674369,0.000413297009068,0.075621503155131,0,0,0,0
736,1,49,0.829822291472478,0.063970152337065,1.00164549133295E-05,0.106197539735544,0,0,0,0
737,1,50,0.811159460736339,0.115627837937175,0.000602185512535,0.072610515813951,0,0,0,0
738,1,51,0.672797407627256,0.198462821305117,0.001514161142402,0.127225609925225,0,0,0,0
739,1,52,0.775873446567029,0.116789502919869,0.004587885599389,0.102749164913713,0,0,0,0
740,1,53,0.787791866671868,0.114737158289667,0.005059184086409,0.092411790952057,0,0,0,0
741,1,54,0.829426129771751,0.094890229643883,0.004653036032148,0.071030604552218,0,0,0,0
742,1,55,0.803946451296103,0.083860264993133,0.002587252856534,0.10960603085423,0,0,0,0
743,1,56,0.78114325699596,0.06846911147342,0.000987090708002,0.149400540822617,0,0,0,0
744,1,57,0.784421237225196,0.078017625455085,0.004754430413379,0.13280670690634,0,0,0,0
745,1,58,0.808497386665384,0.053343754993247,0.010809931711609,0.12734892662976,0,0,0,0
746,1,59,0.820249189375827,0.046764247379835,0.011296979601152,0.121689583643186,0,0,0,0
747,1,60,0.785753958155213,0.050573590310239,0.003001498382972,0.160670953151577,0,0,0,0
748,1,61,0.760009980632448,0.045030113239483,3.53313228146937E-06,0.194956372995787,0,0,0,0
749,1,62,0.749408824901917,0.035129784166126,0,0.215461390931956,0,0,0,0
750,1,63,0.749242678020926,0.03633582137783,0,0.214421500601244,0,0,0,0
751,1,64,0.764311726080458,0.026370569532232,0,0.209317704387311,0,0,0,0
752,1,65,0.734080975559573,0.038444099789311,0,0.227474924651116,0,0,0,0
753,1,66,0.760396450385246,0.02240647251431,0,0.217197077100444,0,0,0,0
754,1,67,0.754805236023826,0.028124385483485,0,0.217070378492689,0,0,0,0
755,1,68,0.733647252859605,0.030307618308958,0,0.236045128831437,0,0,0,0
756,1,69,0.782454393014059,0.015903914977061,0,0.201641692008881,0,0,0,0
757,1,70,0.745136041828993,0.022790503084464,0,0.232073455086543,0,0,0,0
758,1,71,0.754087474750582,0.017028032645002,0,0.228884492604415,0,0,0,0
759,1,72,0.758021802114192,0.020112297919931,0,0.221865899965877,0,0,0,0
760,1,73,0.800764914986237,0.017708431279249,0,0.181526653734514,0,0,0,0
761,1,74,0.811391917964748,0.00947783137487,0,0.179130250660383,0,0,0,0
762,1,75,0.808497135447441,0.017255450440897,0,0.174247414111662,0,0,0,0
763,1,76,0.815427060444462,0.014737302440429,0,0.169835637115109,0,0,0,0
764,1,77,0.846944313492032,0.012565706208213,0,0.140489980299756,0,0,0,0
765,1,78,0.855912781853106,0.005344502265131,0,0.138742715881764,0,0,0,0
766,1,79,0.853425835425232,0.011338115382279,0,0.13523604919249,0,0,0,0
767,1,80,0.856500293782105,0.010774447755203,0,0.132725258462692,0,0,0,0
768,1,81,0.833846884922932,0.011880600196519,0,0.15427251488055,0,0,0,0
769,1,82,0.864051332279937,0.00935228753869,0,0.126596380181372,0,0,0,0
770,1,83,0.88949327414109,0.00789660475568,0,0.10261012110323,0,0,0,0
771,1,84,0.89709329084446,0.001558265135954,0,0.101348444019586,0,0,0,0
772,1,85,0.871604756901736,0.008432914533613,0,0.119962328564651,0,0,0,0
773,1,86,0.896837898779785,0.006673099921305,0,0.096489001298909,0,0,0,0
774,1,87,0.87766111457459,0.007219953837037,0,0.115118931588373,0,0,0,0
775,1,88,0.863370600833108,0.002199552445735,0,0.134429846721156,0,0,0,0
776,1,89,0.883970077426268,0.006747003898413,0,0.109282918675319,0,0,0,0
777,1,90,0.892431418522739,0.006219594570076,1.84047295648308E-05,0.10133058217762,0,0,0,0
778,1,91,0.905825501063393,0.000796137280148,0.001647666622795,0.091730695033665,0,0,0,0
779,1,92,0.892760707253878,0.006647376708841,0.007409055983999,0.093182860053281,0,0,0,0
780,1,93,0.919881933684973,0.000215153644038,0.016203837348261,0.063699075322728,0,0,0,0
781,1,94,0.91159784316308,0.00609831611201,0.026398721551268,0.055905119173642,0,0,0,0
782,1,95,0.929063817064561,0,0.028825197912893,0.042110985022546,0,0,0,0
783,1,96,0.90928908838192,0.006182856046059,0.033711144789104,0.050816910782917,0,0,0,0
784,1,97,0.925764377601297,0,0.03617425929463,0.038061363104072,0,0,0,0
785,1,98,0.914498783767049,0.005679930153313,0.045400858112728,0.03442042796691,0,0,0,0
786,1,99,0.925408608304879,0.000609789248744,0.035551132684287,0.03843046976209,0,0,0,0
787,1,100,0.933576627415006,5.15000427566538E-05,0.038584961308436,0.027786911233802,0,0,0,0
788,1,101,0.921410794815521,0.004927207122122,0.035397549935508,0.038264448126849,0,0,0,0
789,1,102,0.923227301036957,0,0.042900913442207,0.033871785520837,0,0,0,0
790,1,103,0.91439597396253,0.00102500253967,0.040110150366599,0.044468873131201,0,0,0,0
791,1,104,0.906608872380808,0,0.035889831399803,0.057501296219389,0,0,0,0
792,1,105,0.872464305690854,0.00711026155533,0.031829373492075,0.088596059261742,0,0,0,0
793,1,106,0.87432714552329,0.007202873895849,0.030947765176676,0.087522215404186,0,0,0,0
794,1,107,0.864297171881696,0,0.019363352158097,0.116339475960207,0,0,0,0
795,1,108,0.833852299850286,0.007646393665252,0.016468758155678,0.142032548328784,0,0,0,0
796,1,109,0.837782720549172,0,0.01056983821487,0.151647441235958,0,0,0,0
797,1,110,0.808749091421218,0.008079172596246,0.013256615348718,0.169915120633819,0,0,0,0
798,1,111,0.819632744947432,0,0.009945604593899,0.170421650458669,0,0,0,0
799,1,112,0.802240275889191,0.007669688727371,0.008015488185728,0.182074547197709,0,0,0,0
800,1,113,0.785468278181585,0,0.003964678240572,0.210567043577843,0,0,0,0
801,1,114,0.80368949482062,0.006995203615327,0.00580645556725,0.183508845996803,0,0,0,0
802,1,115,0.771925265883048,0.007369836933597,0.001359983714447,0.219344913468908,0,0,0,0
803,1,116,0.780599040657094,0,0.001316654877731,0.218084304465175,0,0,0,0
804,1,117,0.79354282381914,0.006291838432612,0.000832594296028,0.19933274345222,0,0,0,0
805,1,118,0.786604927757006,0,0,0.213395072242994,0,0,0,0
806,1,119,0.824198805980357,0.004623929508821,0,0.171177264510822,0,0,0,0
807,1,120,0.827286021182109,0,0,0.172713978817891,0,0,0,0
808,1,121,0.791565721096879,0.005223886069761,0,0.20321039283336,0,0,0,0
809,1,122,0.792847087776257,0.004980475328875,0,0.202172436894868,0,0,0,0
810,1,123,0.79840265863923,0,0,0.20159734136077,0,0,0,0
811,1,124,0.816373195639091,0.003869090181673,0,0.179757714179236,0,0,0,0
812,1,125,0.796225519367263,0,0,0.203774480632737,0,0,0,0
813,1,126,0.816026326928546,0.003711606831247,0,0.180262066240207,0,0,0,0
814,1,127,0.821774200767875,0,0,0.178225799232125,0,0,0,0
815,1,128,0.815864210346813,0.003552067882106,0,0.180583721771082,0,0,0,0
816,1,129,0.81873685573531,0.003360795327616,0,0.177902348937074,0,0,0,0
817,1,130,0.798401893143256,0,0,0.201598106856744,0,0,0,0
818,1,131,0.819396219515318,0.0013544955096,0,0.179249284975082,0,0,0,0
819,1,132,0.819465212744808,0.00483589203521,0,0.175698895219983,0,0,0,0
820,1,133,0.817615549999218,0.003209243049986,0,0.179175206950795,0,0,0,0
821,1,134,0.846706737787747,0,0,0.153293262212253,0,0,0,0
822,1,135,0.841810547695749,0.00276807872705,0,0.155421373577201,0,0,0,0
823,1,136,0.872786599960995,0.001242028299867,0,0.125971371739138,0,0,0,0
824,1,137,0.866305421268756,0.004607898611064,0,0.12908668012018,0,0,0,0
825,1,138,0.890043864173948,0.00423882113079,0,0.105717314695261,0,0,0,0
826,1,139,0.874566083203071,0,0,0.125433916796929,0,0,0,0
827,1,140,0.888140993332033,0.005117886456966,0,0.106741120211001,0,0,0,0
828,1,141,0.890670100747051,0.004187462623976,0,0.105142436628974,0,0,0,0
829,1,142,0.886460097578836,0.004625561666151,0,0.108914340755013,0,0,0,0
830,1,143,0.885397766157607,0.003783394883881,0,0.110818838958513,0,0,0,0
831,1,144,0.893974111396204,0,0,0.106025888603797,0,0,0,0
832,1,145,0.915436505875553,0.000210481614879,0,0.084353012509567,0,0,0,0
833,1,146,0.907849456010122,0.004758875807319,0,0.087391668182559,0,0,0,0
834,1,147,0.9106981861242,5.88948023746271E-06,0,0.089295924395563,0,0,0,0
835,1,148,0.911633545382433,7.27177300505894E-05,0,0.088293736887517,0,0,0,0
836,1,149,0.912676136375527,0,0,0.087323863624473,0,0,0,0
837,1,150,0.91056186268479,0.000210503941197,0,0.089227633374014,0,0,0,0
838,1,151,0.911505467370966,0.000271898345626,0,0.088222634283408,0,0,0,0
839,1,152,0.912732850464603,0,0,0.087267149535397,0,0,0,0
840,1,153,0.923163193100415,0.005012065519478,0,0.071824741380107,0,0,0,0
841,1,154,0.923796771726633,0.004801836603157,0,0.07140139167021,0,0,0,0
842,1,155,0.941320382820998,0.00092084293057,0,0.057758774248432,0,0,0,0
843,1,156,0.942832395067312,0,0,0.057167604932688,0,0,0,0
844,1,157,0.926372760312169,0.000252800040771,0,0.07337443964706,0,0,0,0
845,1,158,0.941686896375256,0.000875228836695,0,0.057437874788048,0,0,0,0
846,1,159,0.928617204663823,0,0,0.071382795336177,0,0,0,0
847,1,160,0.944868583838324,0.00109010877868,0,0.054041307382996,0,0,0,0
848,1,161,0.916212199965245,0,0,0.083787800034755,0,0,0,0
849,1,162,0.926089064311959,0.005238593398589,0,0.068672342289453,0,0,0,0
850,1,163,0.914403111816883,0.00055250537456,0,0.085044382808558,0,0,0,0
851,1,164,0.915472155036975,0.000883639283249,0,0.083644205679776,0,0,0,0
852,1,165,0.914403111816883,0.00055250537456,0,0.085044382808558,0,0,0,0
853,1,166,0.932177063146922,0,0,0.067822936853078,0,0,0,0
854,1,167,0.930598619364546,5.52827925041348E-05,0,0.06934609784295,0,0,0,0
855,1,168,0.931432679500154,1.53778184359511E-05,0,0.06855194268141,0,0,0,0
856,1,169,0.93222720111104,0,0,0.067772798888961,0,0,0,0
857,1,170,0.913831025420417,0.000730260789723,0,0.08543871378986,0,0,0,0
858,1,171,0.915484662810241,0,0,0.084515337189759,0,0,0,0
859,1,172,0.930183447698068,0.000123127741449,0,0.069693424560483,0,0,0,0
860,1,173,0.931105710304194,0,0,0.068894289695806,0,0,0,0
861,1,174,0.912284774365224,0.000861417357431,0,0.086853808277345,0,0,0,0
862,1,175,0.91325981686345,0.000910078065591,0,0.085830105070959,0,0,0,0
863,1,176,0.915484662810241,0,0,0.084515337189759,0,0,0,0
864,1,177,0.912774813219382,0.000886091609323,0,0.086339095171296,0,0,0,0
865,1,178,0.914593530997683,0,0,0.085406469002317,0,0,0,0
866,1,179,0.911697951861891,0.001047623296216,0,0.087254424841893,0,0,0,0
867,1,180,0.930047227794357,0.000335495100019,0,0.069617277105624,0,0,0,0
868,1,181,0.931503088313897,0,0,0.068496911686103,0,0,0,0
869,1,182,0.929665376553618,0.000303791420527,0,0.070030832025855,0,0,0,0
870,1,183,0.914593530997683,0,0,0.085406469002317,0,0,0,0
871,1,184,0.928754320575208,0.000456291607149,0,0.070789387817643,0,0,0,0
872,1,185,0.909553659078974,0.004524143901427,0,0.085922197019599,0,0,0,0
873,1,186,0.910650349241761,0.00496538769952,0,0.084384263058719,0,0,0,0
874,1,187,0.910216633827295,0.003798540361087,0,0.085984825811618,0,0,0,0
875,1,188,0.91430842458747,0,0,0.08569157541253,0,0,0,0
876,1,189,0.911043070182717,0.001444391681176,0,0.087512538136108,0,0,0,0
877,1,190,0.913799969268382,0,0,0.086200030731618,0,0,0,0
878,1,191,0.92822911380276,0.000643616114081,0,0.071127270083159,0,0,0,0
879,1,192,0.92902615770304,0.00069927639924,0,0.07027456589772,0,0,0,0
880,1,193,0.930506717219674,0,0,0.069493282780326,0,0,0,0
881,1,194,0.911043070182717,0.001444391681176,0,0.087512538136108,0,0,0,0
882,1,195,0.913799969268382,0,0,0.086200030731618,0,0,0,0
883,1,196,0.910527847083715,0.001426410079723,0,0.088045742836562,0,0,0,0
884,1,197,0.911552732503803,0.001461801217512,0,0.086985466278685,0,0,0,0
885,1,198,0.91430842458747,0,0,0.08569157541253,0,0,0,0
886,1,199,0.911692556875882,0.000732516906849,0,0.087574926217269,0,0,0,0
887,1,200,0.913272288555075,0.000710890945333,0,0.086016820499593,0,0,0,0
888,1,201,0.891338759640287,0.001707232279614,0,0.106954008080099,0,0,0,0
889,1,202,0.91026129002693,0.003444509490948,0,0.086294200482122,0,0,0,0
890,1,203,0.909434090893143,0.005053274875375,0,0.085512634231483,0,0,0,0
891,1,204,0.909453248770202,0.003329846923457,0,0.087216904306341,0,0,0,0
892,1,205,0.890427679507697,0.005082778677392,0,0.10448954181491,0,0,0,0
893,1,206,0.913986949005776,0.003647781301199,0,0.082365269693025,0,0,0,0
894,1,207,0.895696276299487,0.005179788880489,0,0.099123934820024,0,0,0,0
895,1,208,0.915539705694778,0.001403645860979,0,0.083056648444243,0,0,0,0
896,1,209,0.897507630977879,0.002970212175898,0,0.099522156846222,0,0,0,0
897,1,210,0.918818210930414,0,0,0.081181789069586,0,0,0,0
898,1,211,0.910468442790376,0.001634630115511,0,0.087896927094112,0,0,0,0
899,1,212,0.918695172339361,0,0,0.081304827660639,0,0,0,0
900,1,213,0.915539705694778,0.001403645860979,0,0.083056648444243,0,0,0,0
901,1,214,0.91775110432873,0.000495360440062,0,0.081753535231209,0,0,0,0
902,1,215,0.919657116197635,0,0,0.080342883802365,0,0,0,0
903,1,216,0.910986312157545,0.001649762187924,0,0.087363925654531,0,0,0,0
904,1,217,0.930178858294646,0,0,0.069821141705354,0,0,0,0
905,1,218,0.910468442790376,0.001634630115511,0,0.087896927094112,0,0,0,0
906,1,219,0.91026129002693,0.003444509490948,0,0.086294200482122,0,0,0,0
907,1,220,0.919301964758928,0,0,0.080698035241072,0,0,0,0
908,1,221,0.916511336570934,0.001440972263142,0,0.082047691165925,0,0,0,0
909,1,222,0.914089286411186,0.005146746617526,0,0.080763966971288,0,0,0,0
910,1,223,0.913986949005776,0.003647781301199,0,0.082365269693025,0,0,0,0
911,1,224,0.918328889413269,0,0,0.081671110586732,0,0,0,0
912,1,225,0.914979473015191,0.001599909384128,0,0.083420617600681,0,0,0,0
913,1,226,0.917177279858103,0.000715412573011,0,0.082107307568886,0,0,0,0
914,1,227,0.901419059084908,0.00059741549618,0,0.097983525418912,0,0,0,0
915,1,228,0.916702124294823,0.000687924022777,0,0.0826099516824,0,0,0,0
916,1,229,0.918818210930414,0,0,0.081181789069586,0,0,0,0
917,1,230,0.897134416559169,0.002232508276881,0,0.10063307516395,0,0,0,0
918,1,231,0.916989268286552,0.00145875964718,0,0.081551972066267,0,0,0,0
919,1,232,0.919301964758928,0,0,0.080698035241072,0,0,0,0
920,1,233,0.915967014362822,0.001632558338884,0,0.082400427298293,0,0,0,0
921,1,234,0.900958495939582,0,0,0.099041504060418,0,0,0,0
922,1,235,0.896585315566845,0.002843202850293,0,0.100571481582862,0,0,0,0
923,1,236,0.916452652596834,0.001648068386277,0,0.081899279016889,0,0,0,0
924,1,237,0.914053052216669,0,0,0.085946947783331,0,0,0,0
925,1,238,0.910421410258941,0.001839729257645,0,0.087738860483415,0,0,0,0
926,1,239,0.913158240555405,0,0,0.086841759444595,0,0,0,0
927,1,240,0.914925069075991,0.00181256530165,0,0.083262365622358,0,0,0,0
928,1,241,0.912631908469279,0,0,0.087368091530721,0,0,0,0
929,1,242,0.908783581071726,0.002010341373836,0,0.089206077554438,0,0,0,0
930,1,243,0.911006586219505,0.001198158894023,0,0.087795254886472,0,0,0,0
931,1,244,0.913678522618657,0,0,0.086321477381343,0,0,0,0
932,1,245,0.909858155835593,0.002031688966158,0,0.088110155198249,0,0,0,0
933,1,246,0.913158240555405,0,0,0.086841759444595,0,0,0,0
934,1,247,0.909323913312558,0.00202123801228,0,0.088654848675162,0,0,0,0
935,1,248,0.927911418090146,0.001281326862777,0,0.070807255047077,0,0,0,0
936,1,249,0.934460669460452,0,0,0.065539330539548,0,0,0,0
937,1,250,0.927497430984829,0.00126124584665,0,0.071241323168521,0,0,0,0
938,1,251,0.929853287687009,0,0,0.070146712312991,0,0,0,0
939,1,252,0.927078942589726,0.00124053444995,0,0.071680522960325,0,0,0,0
940,1,253,0.939020162747344,0.005254594278944,0,0.055725242973713,0,0,0,0
941,1,254,0.930371834702659,0,0,0.069628165297341,0,0,0,0
942,1,255,0.910386404524572,0.00204170856087,0,0.087571886914558,0,0,0,0
943,1,256,0.913678522618657,0,0,0.086321477381343,0,0,0,0
944,1,257,0.909294794205683,0.002649606221388,0,0.088055599572929,0,0,0,0
945,1,258,0.912631908469279,0,0,0.087368091530721,0,0,0,0
946,1,259,0.885089286795076,0.007676183999087,0,0.107234529205837,0,0,0,0
947,1,260,0.88271974285436,0.012288553076017,0,0.104991704069623,0,0,0,0
948,1,261,0.890265155151369,0.006735299307614,0,0.102999545541017,0,0,0,0
949,1,262,0.892943083717494,0.00556935536045,0,0.101487560922056,0,0,0,0
950,1,263,0.908841315614934,0.005743839483682,0,0.085414844901385,0,0,0,0
951,1,264,0.906114129941064,0.010235597874915,0,0.083650272184021,0,0,0,0
952,1,265,0.91761294434835,0,0,0.08238705565165,0,0,0,0
953,1,266,0.910279646083829,0.00603210874084,0,0.083688245175331,0,0,0,0
954,1,267,0.907921556742657,0.009558806307026,0,0.082519636950317,0,0,0,0
955,1,268,0.901086777640975,0,0,0.098913222359025,0,0,0,0
956,1,269,0.907746972008099,0.010128847984246,0,0.082124180007655,0,0,0,0
957,1,270,0.910340197418835,0.00868280373061,0,0.080976998850556,0,0,0,0
958,1,271,0.919996344314483,0,0,0.080003655685517,0,0,0,0
959,1,272,0.925895800738826,0.008926777542786,0,0.065177421718388,0,0,0,0
960,1,273,0.912156424709549,0.008046111929555,0,0.079797463360896,0,0,0,0
961,1,274,0.926026579731886,0,0,0.073973420268114,0,0,0,0
962,1,275,0.92037933182532,0.004421410972778,0,0.075199257201903,0,0,0,0
963,1,276,0.933808929143619,0.006791851320778,0,0.059399219535603,0,0,0,0
964,1,277,0.953956440180604,0,0,0.046043559819396,0,0,0,0
965,1,278,0.928851768773476,0.00799797246125,0,0.063150258765274,0,0,0,0
966,1,279,0.937358741155995,0,0,0.062641258844005,0,0,0,0
967,1,280,0.930008121015901,0.006458965430117,0,0.063532913553982,0,0,0,0
968,1,281,0.944242565874675,0.006916064493673,0,0.048841369631652,0,0,0,0
969,1,282,0.938407934785519,0,0,0.061592065214481,0,0,0,0
970,1,283,0.930329916084307,0.007275949562444,0,0.062394134353249,0,0,0,0
971,1,284,0.917230777335079,0.006224593742957,0,0.076544628921963,0,0,0,0
972,1,285,0.919330810771788,0.005652643766568,0,0.075016545461645,0,0,0,0
973,1,286,0.918103588074902,0.005818823181724,0,0.076077588743374,0,0,0,0
974,1,287,0.933471610211702,0.006453199589057,0,0.060075190199241,0,0,0,0
975,1,288,0.925819091939579,0,0,0.074180908060421,0,0,0,0
976,1,289,0.902055240429971,0.005940108824689,0,0.092004650745339,0,0,0,0
977,1,290,0.907527856338598,0,0,0.092472143661402,0,0,0,0
978,1,291,0.908689169848313,0.002584222882262,0,0.088726607269426,0,0,0,0
979,1,292,0.906960214124929,0.005406113154958,0,0.087633672720113,0,0,0,0
980,1,293,0.90475210089435,0.001836369749803,0,0.093411529355847,0,0,0,0
981,1,294,0.907316826401432,0,0,0.092683173598568,0,0,0,0
982,1,295,0.94006763105083,0.001713738783184,0,0.058218630165986,0,0,0,0
983,1,296,0.921041700774039,0.006779316407661,0,0.0721789828183,0,0,0,0
984,1,297,0.927631979996269,0,0,0.072368020003731,0,0,0,0
985,1,298,0.924959660775646,0.000827914061281,0,0.074212425163072,0,0,0,0
986,1,299,0.92609931354898,0,0,0.07390068645102,0,0,0,0
987,1,300,0.922604426549181,0.002097260770313,0,0.075298312680506,0,0,0,0
988,1,301,0.915255042114575,0.006081625122351,0,0.078663332763074,0,0,0,0
989,1,302,0.921230753423743,0,0,0.078769246576257,0,0,0,0
990,1,303,0.924069607954878,0.000449631822068,0,0.075480760223054,0,0,0,0
991,1,304,0.924876785703807,0,0,0.075123214296193,0,0,0,0
992,1,305,0.921756716117298,0.001636437022908,0,0.076606846859794,0,0,0,0
993,1,306,0.932741583926445,0.006580328654583,0,0.060678087418972,0,0,0,0
994,1,307,0.939220665814001,0,0,0.060779334185999,0,0,0,0
995,1,308,0.936206864909238,0.001809115782319,0,0.061984019308443,0,0,0,0
996,1,309,0.906497984927487,0,0,0.093502015072513,0,0,0,0
997,1,310,0.916637109567826,0.005818262550801,0,0.077544627881374,0,0,0,0
998,1,311,0.936206176027466,0.001437092825736,0,0.062356731146798,0,0,0,0
999,1,312,0.938227589921399,0,0,0.061772410078601,0,0,0,0
1000,1,313,0.931844149052525,0.006089655956384,0,0.062066194991092,0,0,0,0
1001,1,314,0.937570707810745,0,0,0.062429292189255,0,0,0,0
1002,1,315,0.93525436388499,0.000990669582165,0,0.063754966532845,0,0,0,0
1003,1,316,0.931620912709734,0.005627758271107,0,0.062751329019158,0,0,0,0
1004,1,317,0.937270757481038,0,0,0.062729242518962,0,0,0,0
1005,1,318,0.915953677230116,0.004864378703524,0,0.07918194406636,0,0,0,0
1006,1,319,0.936594852071459,0,0,0.063405147928542,0,0,0,0
1007,1,320,0.919486760062519,9.21741235946953E-05,0,0.080421065813886,0,0,0,0
1008,1,321,0.91620231312139,0.004662488221064,0,0.079135198657546,0,0,0,0
1009,1,322,0.921021643919195,0,0,0.078978356080805,0,0,0,0
1010,1,323,0.934971417644361,0.000251215627803,0,0.064777366727836,0,0,0,0
1011,1,324,0.919707570720386,0.00093313840183,0,0.079359290877784,0,0,0,0
1012,1,325,0.913330549445738,0.005404019530975,0,0.081265431023287,0,0,0,0
1013,1,326,0.915701524683628,0.004370825443032,0,0.07992764987334,0,0,0,0
1014,1,327,0.914839923340024,0.005908140255006,0,0.07925193640497,0,0,0,0
1015,1,328,0.914403895482088,0.004328882349022,0,0.081267222168891,0,0,0,0
1016,1,329,0.901484412478281,0,0,0.098515587521719,0,0,0,0
1017,1,330,0.897787241698904,0.001625356545324,0,0.100587401755771,0,0,0,0
1018,1,331,0.897454641110283,0.003331030066697,0,0.09921432882302,0,0,0,0
1019,1,332,0.918331381342264,0.000797423325939,0,0.080871195331797,0,0,0,0
1020,1,333,0.897159289308113,0.003170617407644,0,0.099670093284243,0,0,0,0
1021,1,334,0.918695172339361,0,0,0.081304827660639,0,0,0,0
1022,1,335,0.913439159369215,0.003694751194107,0,0.082866089436678,0,0,0,0
1023,1,336,0.93366455800216,0,0,0.06633544199784,0,0,0,0
1024,1,337,0.914477402000493,0.001582735896553,0,0.083939862102954,0,0,0,0
1025,1,338,0.913986949005778,0.003647781301199,0,0.082365269693023,0,0,0,0
1026,1,339,0.917965522554248,0,0,0.082034477445752,0,0,0,0
1027,1,340,0.928682845947832,0.004123077728925,0,0.067194076323243,0,0,0,0
1028,1,341,0.928102119152411,0.005295105020663,0,0.066602775826926,0,0,0,0
1029,1,342,0.912423702570542,0.003407325296155,0,0.084168972133303,0,0,0,0
1030,1,343,0.913328936168352,0.003153087973378,0,0.083517975858271,0,0,0,0
1031,1,344,0.912414314446371,0.005269728394876,0,0.082315957158754,0,0,0,0
1032,1,345,0.913335717766858,0.002574840586698,0,0.084089441646443,0,0,0,0
1033,1,346,0.910940333892915,0.005363595235715,0,0.08369607087137,0,0,0,0
1034,1,347,0.912247541259816,0.002181995833566,0,0.085570462906619,0,0,0,0
1035,1,348,0.913863001108574,0.001999011063188,0,0.084137987828238,0,0,0,0
1036,1,349,0.932289533717815,0.000807191805554,0,0.066903274476631,0,0,0,0
1037,1,350,0.929734677968053,0.00138640202188,0,0.068878920010067,0,0,0,0
1038,1,351,0.926866499452063,0.005391375528714,0,0.067742125019224,0,0,0,0
1039,1,352,0.911044984658959,0.003322278536638,0,0.085632736804402,0,0,0,0
1040,1,353,0.925631751766156,0.006257833167572,0,0.068110415066272,0,0,0,0
1041,1,354,0.925349960282067,0.005033983383555,0,0.069616056334378,0,0,0,0
1042,1,355,0.945165359637367,0.000653292080775,0,0.054181348281858,0,0,0,0
1043,1,356,0.932207955193624,0,0,0.067792044806376,0,0,0,0
1044,1,357,0.945805980798309,0.004832254982099,0,0.048920549359698,0,0,0,0.000441214859895
1045,1,358,0.955661003694934,0,0,0.041030663014319,0,0,0,0.003308333290747
1046,1,359,0.952722204533468,0.003775444302712,0,0.034879051338488,0,0,0,0.008623299825332
1047,1,360,0.936378840602508,0,0,0.04662485366956,0,0,0,0.016996305727932
1048,1,361,0.925115334038672,0.000966550492105,0,0.038372960969749,0,0,0,0.035545154499474
1049,1,362,0.884083411795398,0.007366049965383,0,0.046526666052241,0,0,0,0.062023872186978
1050,1,363,0.859248504090593,0,0,0.051823295736455,0,0,0,0.088928200172952
1051,1,364,0.720756976699952,0.020275108265296,0,0.101264307333689,0,0,0,0.157703607701063
1052,1,365,0.495989058230537,0,0,0.096369752658801,0,0,0,0.407641189110662
1053,1,366,0.485122344879552,0.060070520462379,0,0.231014812268117,0,0,0,0.223792322389952
1054,1,367,0.23581607125889,0,0,0.063565108836186,0,0,0,0.700618819904923
1055,1,368,0.677620838090897,0.007514245654217,0,0.284294396273177,0,0,0,0.030570519981709
1056,1,369,0.372288257511612,0.112806768183785,0,0.04747594143002,0,0,0,0.467429032874583
1057,1,370,0.525548048957992,0.010244870223785,0,0.237546682570477,0,0,0,0.226660398247745
1058,1,371,0.347180255823536,0.102631554992318,0,0.038361370651493,0,0,0,0.511826818532653
1059,1,372,0.563678609960367,0,0,0.299866308816259,0,0,0,0.136455081223373
1060,1,373,0.39018012443526,0.044698991802047,0,0.05783580120149,0,0,0,0.507285082561203
1061,1,374,0.499848047114712,0,0,0.142582532948296,0,0,0,0.357569419936992
1062,1,375,0.545465486128621,0.006092712290891,0,0.246036898307878,0,0,0,0.202404903272611
1063,1,376,0.477407798645919,0,0,0.105142973761973,0,0,0,0.417449227592108
1064,1,377,0.527293285099469,0,0,0.161771062460191,0,0,0,0.31093565244034
1065,1,378,0.497853421407301,0.011577852049463,0,0.138187892097273,0,0,0,0.352380834445963
1066,1,379,0.546451879758391,0.001410116241346,0,0.158874095558765,0,0,0,0.293263908441498
1067,1,380,0.545759824438075,0.004550797314728,0,0.157203563526897,0,0,0,0.2924858147203
1068,1,381,0.562584077305061,0,0,0.162366012468152,0,0,0,0.275049910226787
1069,1,382,0.559959900979751,0.006021821638664,0,0.16475347579451,0,0,0,0.269264801587076
1070,1,383,0.559973729075159,0.006242577605425,0,0.150093681708889,0,0,0,0.283690011610527
1071,1,384,0.596889810051067,0,0,0.178466230450054,0,0,0,0.22464395949888
1072,1,385,0.571882699687269,0.007401455651578,0,0.162594816088726,0,0,0,0.258121028572427
1073,1,386,0.57247039407973,0.002954108571032,0,0.145393285598799,0,0,0,0.279182211750439
1074,1,387,0.58246008988262,0.007217454475401,0,0.153675281934702,0,0,0,0.256647173707277
1075,1,388,0.586381192209153,0.004291543607146,0,0.154065927813785,0,0,0,0.255261336369916
1076,1,389,0.603831706135224,0,0,0.179971424183908,0,0,0,0.216196869680868
1077,1,390,0.608712810240954,0.003151367882411,0,0.161007936058173,0,0,0,0.227127885818461
1078,1,391,0.622102722897197,0,0,0.142074868392071,0,0,0,0.235822408710732
1079,1,392,0.612745307048484,0.003964782790033,0,0.143639822311998,0,0,0,0.239650087849485
1080,1,393,0.616957418073774,0.003807373445988,0,0.142417254030044,0,0,0,0.236817954450194
1081,1,394,0.621335143087259,0.003162428320834,0,0.141359236101118,0,0,0,0.234143192490788
1082,1,395,0.61795599203355,0.003604848794278,0,0.142950991519904,0,0,0,0.235488167652267
1083,1,396,0.624193931397432,0,0,0.14227966264937,0,0,0,0.233526405953197
1084,1,397,0.62900698264441,0.001650878423431,0,0.168269441551297,0,0,0,0.201072697380862
1085,1,398,0.645146752691655,0,0,0.147009704275048,0,0,0,0.207843543033297
1086,1,399,0.618897289309094,0.007351809142624,0,0.126674388535683,0,0,0,0.247076513012599
1087,1,400,0.623884561406833,0.003730865572522,0,0.127910873830907,0,0,0,0.244473699189738
1088,1,401,0.614555572068934,0,0,0.149388438116059,0,0,0,0.236055989815007
1089,1,402,0.551547697936101,0.001274139614355,0,0.210637478803475,0,0,0,0.236540683646069
1090,1,403,0.582777872173399,0,0,0.171459442073119,0,0,0,0.245762685753482
1091,1,404,0.425004575349867,0.000285504577092,0,0.2713623051639,0,0,0,0.30334761490914
1092,1,405,0.550795790946637,0.006708232096153,0,0.159052560371597,0,0,0,0.283443416585613
1093,1,406,0.3325246956995,0,0,0.313859682199864,0,0,0,0.353615622100636
1094,1,407,0.150724553714405,0.00195443415624,0,0.414436958330125,0,0,0,0.432884053799231
1095,1,408,0.173235097153681,0,0,0.396816009254691,0,0,0,0.429948893591629
1096,1,409,0.119318333987474,0.002904602131367,0,0.423066447762828,0,0,0,0.454710616118331
1097,1,410,0.363927853882373,0,0,0.343695637118649,0,0,0,0.292376508998978
1098,1,411,0.504083050807035,0.004415809978197,0,0.280090865007941,0,0,0,0.211410274206828
1099,1,412,0.684507242899398,0.005326848997793,0,0.213893608371707,0,0,0,0.096272299731102
1100,1,413,0.752321496659288,0,0,0.191868182668509,0,0,0,0.055810320672203
1101,1,414,0.777266495976082,0.000501722375433,0,0.173151597620003,0,0,0,0.049080184028483
1102,1,415,0.814048355227141,0.00518976996737,0,0.156951124489609,0,0,0,0.02381075031588
1103,1,416,0.836353747920259,0.000545722796713,0,0.153109229368758,0,0,0,0.00999129991427
1104,1,417,0.86626504923688,0.004683112999518,0,0.125677181156874,0,0,0,0.003374656606728
1105,1,418,0.87620671075913,0,0,0.122801917317067,0,0,0,0.000991371923803
1106,1,419,0.875162964405234,0.000354135941479,0,0.124463117355837,0,0,0,1.97822974509673E-05
1107,1,420,0.87708401987894,0,0,0.12291598012106,0,0,0,0
1108,1,421,0.870762783110551,0.004475032230138,0,0.124762184659311,0,0,0,0
1109,1,422,0.89647736146212,0.001328957747438,0,0.102193680790442,0,0,0,0
1110,1,423,0.898949270680028,0,0,0.101050729319972,0,0,0,0
1111,1,424,0.913204475299564,0.002764676505389,0,0.084030848195047,0,0,0,0
1112,1,425,0.898403222344132,0,0,0.101596777655868,0,0,0,0
1113,1,426,0.894726716180522,0.001780452777811,0,0.103492831041667,0,0,0,0
1114,1,427,0.897025100606918,0,0,0.102974899393082,0,0,0,0
1115,1,428,0.893624308726128,0.001514121611633,0,0.10486156966224,0,0,0,0
1116,1,429,0.894058654968872,0.003349718466314,0,0.102591626564814,0,0,0,0
1117,1,430,0.89844349921457,0,0,0.10155650078543,0,0,0,0
1118,1,431,0.893497313001375,0.003252750588182,0,0.103249936410443,0,0,0,0
1119,1,432,0.916490449397665,0,0,0.083509550602335,0,0,0,0
1120,1,433,0.912426712479943,0.002630174043163,0,0.084943113476894,0,0,0,0
1121,1,434,0.875795506698701,0.000908409132569,0,0.12329608416873,0,0,0,0
1122,1,435,0.898494808016642,0,0,0.101505191983358,0,0,0,0
1123,1,436,0.893748094759208,0.003080681174087,0,0.103171224066706,0,0,0,0
1124,1,437,0.917187135651206,0,0,0.082812864348794,0,0,0,0
1125,1,438,0.913601856845307,0.002137103538809,0,0.084261039615884,0,0,0,0
1126,1,439,0.896271701637023,0.001988378419551,0,0.101739919943426,0,0,0,0
1127,1,440,0.899420664210628,0,0,0.100579335789372,0,0,0,0
1128,1,441,0.895073391998262,0.002675306881614,0,0.102251301120124,0,0,0,0
1129,1,442,0.917290350701104,0,0,0.082709649298897,0,0,0,0
1130,1,443,0.89458023803719,0.002573838267022,0,0.102845923695788,0,0,0,0
1131,1,444,0.89620682388363,0.002316415290577,0,0.101476760825793,0,0,0,0
1132,1,445,0.899532579279434,0,0,0.100467420720566,0,0,0,0
1133,1,446,0.896095062070497,0.002440831801796,0,0.101464106127707,0,0,0,0
1134,1,447,0.899650426466526,0,0,0.100349573533474,0,0,0,0
1135,1,448,0.895342877504029,0.002506576844174,0,0.102150545651796,0,0,0,0
1136,1,449,0.898973462661065,0,0,0.101026537338935,0,0,0,0
1137,1,450,0.894851106427931,0.002410748945279,0,0.10273814462679,0,0,0,0
1138,1,451,0.896206823883628,0.002316415290577,0,0.101476760825795,0,0,0,0
1139,1,452,0.917960356870011,0,0,0.082039643129989,0,0,0,0
1140,1,453,0.915696616417323,0.001673487239671,0,0.082629896343006,0,0,0,0
1141,1,454,0.895662301395762,0.004804163933472,0,0.099533534670766,0,0,0,0
1142,1,455,0.895680089732753,0.002507003862624,0,0.101812906404623,0,0,0,0
1143,1,456,0.916314127782335,0.00161825466912,0,0.082067617548545,0,0,0,0
1144,1,457,0.918912515312973,0,0,0.081087484687027,0,0,0,0
1145,1,458,0.913990491503212,0.00334926825063,0,0.082660240246158,0,0,0,0
1146,1,459,0.934596126874185,0,0,0.065403873125815,0,0,0,0
1147,1,460,0.932562299567468,0.00081732007234,0,0.066620380360192,0,0,0,0
1148,1,461,0.917452552193965,0.000193644664908,0,0.082353803141127,0,0,0,0
1149,1,462,0.931091872104495,0.003864208844734,0,0.065043919050771,0,0,0,0
1150,1,463,0.915685171677038,0.001501323166927,0,0.082813505156036,0,0,0,0
1151,1,464,0.935388465831923,0,0,0.064611534168077,0,0,0,0
1152,1,465,0.933676259195735,0.000503088936998,0,0.065820651867266,0,0,0,0
1153,1,466,0.930585251669868,0.004299821816756,0,0.065114926513376,0,0,0,0
1154,1,467,0.949712281827255,0,0,0.050287718172745,0,0,0,0
1155,1,468,0.94864918331445,9.77393509989546E-05,0,0.051253077334551,0,0,0,0
1156,1,469,0.934942249211738,0,0,0.065057750788262,0,0,0,0
1157,1,470,0.929686610073274,0.004279440359161,0,0.066033949567565,0,0,0,0
1158,1,471,0.934250447322598,0,0,0.065749552677402,0,0,0,0
1159,1,472,0.932327697724359,0.000685898985347,0,0.066986403290294,0,0,0,0
1160,1,473,0.929900782192221,0.004165986831838,0,0.065933230975941,0,0,0,0
1161,1,474,0.949171330333278,0,0,0.050828669666722,0,0,0,0
1162,1,475,0.932562299567468,0.00081732007234,0,0.066620380360192,0,0,0,0
1163,1,476,0.934250447322598,0,0,0.065749552677402,0,0,0,0
1164,1,477,0.928946547059523,0.004309980459353,0,0.066743472481124,0,0,0,0
1165,1,478,0.933070210283775,0.000771835158561,0,0.066157954557665,0,0,0,0
1166,1,479,0.934703762651339,0,0,0.065296237348661,0,0,0,0
1167,1,480,0.91563065039508,0.001210881776618,0,0.083158467828302,0,0,0,0
1168,1,481,0.913328352869577,0.00496119530908,0,0.081710451821342,0,0,0,0
1169,1,482,0.933077872060816,0.000647303198599,0,0.066274824740585,0,0,0,0
1170,1,483,0.930585251669868,0.004299821816756,0,0.065114926513376,0,0,0,0
1171,1,484,0.918744362917287,0,0,0.081255637082713,0,0,0,0
1172,1,485,0.915965193324731,0.001331077589378,0,0.082703729085892,0,0,0,0
1173,1,486,0.918313755398295,0,0,0.081686244601705,0,0,0,0
1174,1,487,0.913385881790091,0.003659522453538,0,0.08295459575637,0,0,0,0
1175,1,488,0.917753661357991,0,0,0.082246338642009,0,0,0,0
1176,1,489,0.91500216767818,0.001261961264257,0,0.083735871057563,0,0,0,0
1177,1,490,0.913941313545264,0.003678078476202,0,0.082380607978534,0,0,0,0
1178,1,491,0.899903987520646,0,0,0.100096012479354,0,0,0,0
1179,1,492,0.915630650395081,0.001210881776618,0,0.083158467828302,0,0,0,0
1180,1,493,0.934362870428319,0,0,0.065637129571681,0,0,0,0
1181,1,494,0.928906943816977,0.004479519442609,0,0.066613536740413,0,0,0,0
1182,1,495,0.915965193324731,0.001331077589378,0,0.082703729085892,0,0,0,0
1183,1,496,0.918313755398295,0,0,0.081686244601705,0,0,0,0
1184,1,497,0.91563065039508,0.001210881776618,0,0.083158467828302,0,0,0,0
1185,1,498,0.930389951945092,0.004989450725299,0,0.064620597329608,0,0,0,0
1186,1,499,0.933077872060816,0.000647303198599,0,0.066274824740585,0,0,0,0
1187,1,500,0.914818273079744,0.003656435177348,0,0.081525291742908,0,0,0,0
1188,1,501,0.900910913862981,0,0,0.099089086137019,0,0,0,0
1189,1,502,0.933581670411026,0.000604345873979,0,0.065813983714995,0,0,0,0
1190,1,503,0.918604066603114,0,0,0.081395933396886,0,0,0,0
1191,1,504,0.913385881790091,0.003659522453538,0,0.08295459575637,0,0,0,0
1192,1,505,0.916578770122054,0.001280181475058,0,0.082141048402889,0,0,0,0
1193,1,506,0.930476491594168,0.0049986780398,0,0.064524830366032,0,0,0,0
1194,1,507,0.931608996473499,0.002336654159307,0,0.066054349367194,0,0,0,0
1195,1,508,0.933439101810058,0,0,0.066560898189942,0,0,0,0
1196,1,509,0.927968299400875,0.00446006480915,0,0.067571635789975,0,0,0,0
1197,1,510,0.947654929059832,0.000165641775175,0,0.052179429164993,0,0,0,0
1198,1,511,0.944460428537908,0.004890397195503,0,0.050649174266589,0,0,0,0
1199,1,512,0.935388465831923,0,0,0.064611534168077,0,0,0,0
1200,1,513,0.930138757934865,0.004289970683534,0,0.065571271381602,0,0,0,0
1201,1,514,0.934942249211738,0,0,0.065057750788262,0,0,0,0
1202,1,515,0.896531427746989,0.002004093732695,0,0.101464478520317,0,0,0,0
1203,1,516,0.930585251669868,0.004299821816756,0,0.065114926513376,0,0,0,0
1204,1,517,0.919031666446448,0,0,0.080968333553552,0,0,0,0
1205,1,518,0.930178453364954,0.004125191059301,0,0.065696355575745,0,0,0,0
1206,1,519,0.930954597161966,0.003896367219495,0,0.06514903561854,0,0,0,0
1207,1,520,0.912847790190746,0.003471315647318,0,0.083680894161936,0,0,0,0
1208,1,521,0.913990491503212,0.00334926825063,0,0.082660240246158,0,0,0,0
1209,1,522,0.935280079234889,0,0,0.064719920765111,0,0,0,0
1210,1,523,0.933306253376047,0.000776481758214,0,0.065917264865739,0,0,0,0
1211,1,524,0.934942249211737,0,0,0.065057750788263,0,0,0,0
1212,1,525,0.929686610073256,0.004279440359161,0,0.066033949567583,0,0,0,0
1213,1,526,0.933805660995888,0.000732282544652,0,0.06546205645946,0,0,0,0
1214,1,527,0.949807239019002,0,0,0.050192760980998,0,0,0,0
1215,1,528,0.943812384157885,0.005097874828462,0,0.051089741013653,0,0,0,0
1216,1,529,0.934703762651339,0,0,0.065296237348661,0,0,0,0
1217,1,530,0.929405628633332,0.004321088723308,0,0.06627328264336,0,0,0,0
1218,1,531,0.91630135921673,0.001448172816894,0,0.082250467966376,0,0,0,0
1219,1,532,0.918744362917289,0,0,0.081255637082711,0,0,0,0
1220,1,533,0.913963084816636,0.003513959167084,0,0.082522956016281,0,0,0,0
1221,1,534,0.91819099322401,0,0,0.08180900677599,0,0,0,0
1222,1,535,0.913408937964351,0.003493087959007,0,0.083097974076642,0,0,0,0
1223,1,536,0.91630135921673,0.001448172816894,0,0.082250467966376,0,0,0,0
1224,1,537,0.914236730643302,0.004906296523739,0,0.080856972832958,0,0,0,0
1225,1,538,0.916587626045824,0.001451161567672,0,0.081961212386504,0,0,0,0
1226,1,539,0.935388465831923,0,0,0.064611534168077,0,0,0,0
1227,1,540,0.930178453364953,0.004125191059301,0,0.065696355575747,0,0,0,0
1228,1,541,0.949361278463469,0,0,0.050638721536531,0,0,0,0
1229,1,542,0.948249311767058,0.00013451759828,0,0.051616170634662,0,0,0,0
1230,1,543,0.94324010246998,0.005975160447866,0,0.050784737082154,0,0,0,0
1231,1,544,0.934596126874186,0,0,0.065403873125814,0,0,0,0
1232,1,545,0.929448828893581,0.00415321084688,0,0.066397960259539,0,0,0,0
1233,1,546,0.934142117100974,0,0,0.065857882899026,0,0,0,0
1234,1,547,0.93204690289083,0.000863975882145,0,0.067089121227025,0,0,0,0
1235,1,548,0.929900782192221,0.004165986831838,0,0.065933230975941,0,0,0,0
1236,1,549,0.961693180985242,0,0,0.038306819014758,0,0,0,0
1237,1,550,0.960629301791076,0.000330666714601,0,0.039040031494323,0,0,0,0
1238,1,551,0.934227756090347,0,0,0.065772243909653,0,0,0,0
1239,1,552,0.943086721094782,0.004978641846013,0,0.051934637059205,0,0,0,0
1240,1,553,0.933059300418052,0.000759647665624,0,0.066181051916323,0,0,0,0
1241,1,554,0.934680698746264,0,0,0.065319301253736,0,0,0,0
1242,1,555,0.929334397670953,0.004372198348583,0,0.066293403980464,0,0,0,0
1243,1,556,0.934703762651339,0,0,0.065296237348661,0,0,0,0
1244,1,557,0.932840129556789,0.000641683267937,0,0.066518187175275,0,0,0,0
1245,1,558,0.929635594132156,0.00505935803506,0,0.065305047832785,0,0,0,0
1246,1,559,0.932967619267776,0,0,0.067032380732224,0,0,0,0
1247,1,560,0.92639498253398,0.005624430512563,0,0.067980586953456,0,0,0,0
1248,1,561,0.910490770388697,0.004751079601506,0,0.084758150009798,0,0,0,0
1249,1,562,0.928527645203856,0.004125369557123,0,0.067346985239021,0,0,0,0
1250,1,563,0.912156126078749,0.004555436513405,0,0.083288437407846,0,0,0,0
1251,1,564,0.943280065603376,0.005258991841415,0,0.051460942555209,0,0,0,0
1252,1,565,0.927364079948882,0.0051221735977,0,0.067513746453418,0,0,0,0
1253,1,566,0.960438556013217,0,0,0.039561443986783,0,0,0,0
1254,1,567,0.941007399320838,0.005672884414525,0,0.053319716264637,0,0,0,0
1255,1,568,0.937754750430237,0.009425504295058,0,0.052819745274705,0,0,0,0
1256,1,569,0.932331159829019,0,0,0.067668840170981,0,0,0,0
1257,1,570,0.941056468568592,0.005528745218214,0,0.053414786213194,0,0,0,0
1258,1,571,0.922242806883384,0.009792080787949,0,0.067965112328667,0,0,0,0
1259,1,572,0.946822009770987,0,0,0.053177990229014,0,0,0,0
1260,1,573,0.941167475451479,0.00523813838636,0,0.053594386162161,0,0,0,0
1261,1,574,0.926327172581644,0.005313220962862,0,0.068359606455494,0,0,0,0
1262,1,575,0.926989406408825,0.002991579257756,0,0.070019014333419,0,0,0,0
1263,1,576,0.921820087426762,0.009538517809671,0,0.068641394763567,0,0,0,0
1264,1,577,0.931039314847937,0,0,0.068960685152063,0,0,0,0
1265,1,578,0.925690114138464,0.004215569931524,0,0.070094315930012,0,0,0,0
1266,1,579,0.925022452696403,0.00539861140851,0,0.069578935895088,0,0,0,0
1267,1,580,0.924936741190551,0.004083336445147,0,0.070979922364302,0,0,0,0
1268,1,581,0.929465799168829,0,0,0.070534200831171,0,0,0,0
1269,1,582,0.920129489902476,0.008445514193913,0,0.071424995903611,0,0,0,0
1270,1,583,0.908207181004207,0.003498907005366,0,0.088293911990427,0,0,0,0
1271,1,584,0.921493000507181,0.009272411017355,0,0.069234588475464,0,0,0,0
1272,1,585,0.924891566677193,0.007286236758316,0,0.067822196564491,0,0,0,0
1273,1,586,0.915913511769818,0,0,0.084086488230182,0,0,0,0
1274,1,587,0.924073488110349,0.008151254686538,0,0.067775257203113,0,0,0,0
1275,1,588,0.909910388213991,0.007011483864502,0,0.083078127921507,0,0,0,0
1276,1,589,0.917580550690011,0,0,0.082419449309989,0,0,0,0
1277,1,590,0.90861299703153,0.008030052634799,0,0.083356950333671,0,0,0,0
1278,1,591,0.912455626314685,0.006203156391008,0,0.081341217294308,0,0,0,0
1279,1,592,0.919368964622528,0,0,0.080631035377472,0,0,0,0
1280,1,593,0.912387293929965,0.00593913739563,0,0.081673568674405,0,0,0,0
1281,1,594,0.925421782922578,0.010738209261115,0,0.063840007816307,0,0,0,0
1282,1,595,0.921147663961856,0,0,0.078852336038144,0,0,0,0
1283,1,596,0.914982405518889,0.005120728942889,0,0.079896865538222,0,0,0,0
1284,1,597,0.920906205185129,0,0,0.079093794814871,0,0,0,0
1285,1,598,0.926661580404117,0.009819603305731,0,0.063518816290152,0,0,0,0
1286,1,599,0.917378413905369,0.004329013104744,0,0.078292572989887,0,0,0,0
1287,1,600,0.922558651367258,0,0,0.077441348632742,0,0,0,0
1288,1,601,0.898028857077045,0.005648741582191,0,0.096322401340764,0,0,0,0
1289,1,602,0.897112358249845,0.008935057708183,0,0.093952584041971,0,0,0,0
1290,1,603,0.939624856516377,0,0,0.060375143483624,0,0,0,0
1291,1,604,0.918927538635354,0.004128622823689,0,0.076943838540957,0,0,0,0
1292,1,605,0.924407949809042,0,0,0.075592050190958,0,0,0,0
1293,1,606,0.919871472925843,0.003303780810952,0,0.076824746263204,0,0,0,0
1294,1,607,0.916562443413416,0.008159121243501,0,0.075278435343082,0,0,0,0
1295,1,608,0.908780553897397,0,0,0.091219446102603,0,0,0,0
1296,1,609,0.904283087014982,0.00327388528065,0,0.092443027704369,0,0,0,0
1297,1,610,0.908421791395296,0,0,0.091578208604704,0,0,0,0
1298,1,611,0.899443885151774,0.008207259172694,0,0.092348855675532,0,0,0,0
1299,1,612,0.923962336641937,0.002232589441582,0,0.073805073916481,0,0,0,0
1300,1,613,0.926952989917361,0,0,0.07304701008264,0,0,0,0
1301,1,614,0.919685151080423,0.006567630358741,0,0.073747218560836,0,0,0,0
1302,1,615,0.910138601773804,0,0,0.089861398226196,0,0,0,0
1303,1,616,0.91959444764193,0.006616755489062,0,0.073788796869008,0,0,0,0
1304,1,617,0.910561124322127,0,0,0.089438875677873,0,0,0,0
1305,1,618,0.925907770319485,0.000316493758487,0,0.073775735922029,0,0,0,0
1306,1,619,0.925677216325006,0,0,0.074322783674994,0,0,0,0
1307,1,620,0.912242856451448,0.014778059872013,1.63309501590278E-07,0.072978920367037,0,0,0,0
1308,1,621,0.90065605831969,0.01011173207903,1.7402812489883E-07,0.089232035573155,0,0,0,0
1309,1,622,0.89411743097031,0.018740376702661,5.01998220556913E-06,0.087137172344823,0,0,0,0
1310,1,623,0.900601311738763,0.013801188320708,1.47869134064424E-05,0.085582713027123,0,0,0,0
1311,1,624,0.918403576009425,0.0130155673598,6.71789584827189E-06,0.068574138734927,0,0,0,0
1312,1,625,0.881076884024638,0.017551009175069,9.95189002822261E-06,0.101362154910265,0,0,0,0
1313,1,626,0.901792522120657,0.01666835858892,3.48876833981054E-05,0.081504231607025,0,0,0,0
1314,1,627,0.90757474851912,0.011610527763873,6.46101787079308E-05,0.080750113538299,0,0,0,0
1315,1,628,0.905316534556173,0.015555910110596,8.47113998248542E-05,0.079042843933407,0,0,0,0
1316,1,629,0.907077584682214,0.014973858896055,0.000112146963469,0.077836409458262,0,0,0,0
1317,1,630,0.886963123020771,0.018843674142432,3.50307577896389E-05,0.094158172079008,0,0,0,0
1318,1,631,0.893172461804631,0.014208514220271,4.65637103247859E-05,0.092572460264773,0,0,0,0
1319,1,632,0.832627808233752,0.015013603326195,7.88407643732466E-08,0.152358509599289,0,0,0,0
1320,1,633,0.832969017086555,0.018104315725996,0,0.148926667187449,0,0,0,0
1321,1,634,0.790036089948322,0.014865741685208,0,0.19509816836647,0,0,0,0
1322,1,635,0.763395466350373,0.018534017092822,0,0.218070516556805,0,0,0,0
1323,1,636,0.738921836371616,0.018347789601953,0,0.242730374026431,0,0,0,0
1324,1,637,0.683041657794885,0.018230675671839,0,0.298727666533276,0,0,0,0
1325,1,638,0.663135064901201,0.007899052801822,0,0.328965882296977,0,0,0,0
1326,1,639,0.702221708005479,0,0,0.297778291994521,0,0,0,0
1327,1,640,0.686926170016923,0.017970476784736,0,0.295103353198341,0,0,0,0
1328,1,641,0.722091100941533,0.017628826799387,0,0.26028007225908,0,0,0,0
1329,1,642,0.696553693007262,0.017706554219612,0,0.285739752773126,0,0,0,0
1330,1,643,0.701386456740107,0.017575636951795,0,0.281037906308098,0,0,0,0
1331,1,644,0.704193932331483,0.020856584285094,0,0.274949483383424,0,0,0,0
1332,1,645,0.713968435014385,0.017133699673641,0,0.268897865311974,0,0,0,0
1333,1,646,0.718482113214362,0.016975619603583,0,0.264542267182055,0,0,0,0
1334,1,647,0.723321025258438,0.01679165607944,0,0.259887318662122,0,0,0,0
1335,1,648,0.696305734060281,0.017041538263962,0,0.286652727675757,0,0,0,0
1336,1,649,0.715532174605861,0,0,0.284467825394139,0,0,0,0
1337,1,650,0.696184940028655,0.021336962420638,0,0.282478097550706,0,0,0,0
1338,1,651,0.672461726886274,0.017449278533411,0,0.310088994580316,0,0,0,0
1339,1,652,0.692690152832752,0,0,0.307309847167248,0,0,0,0
1340,1,653,0.724059725175012,0.000993891322028,0,0.27494638350296,0,0,0,0
1341,1,654,0.685250185545489,0,0,0.314749814454512,0,0,0,0
1342,1,655,0.669346510771331,0.018157393129888,0,0.312496096098782,0,0,0,0
1343,1,656,0.678319357996375,0.01880016737946,0,0.302880474624165,0,0,0,0
1344,1,657,0.607014940652197,0.022704068984154,0,0.370280990363649,0,0,0,0
1345,1,658,0.697898956374292,0.016909528534775,0,0.285191515090933,0,0,0,0
1346,1,659,0.677937102592861,0.000975901154715,0,0.321086996252423,0,0,0,0
1347,1,660,0.583166952974938,0.01960845169864,0,0.397224595326422,0,0,0,0
1348,1,661,0.636202281721871,0.015927184801209,0,0.34787053347692,0,0,0,0
1349,1,662,0.650013892196263,0.004107566021127,0,0.345878541782609,0,0,0,0
1350,1,663,0.632233584858774,0.024022476003429,0,0.343743939137796,0,0,0,0
1351,1,664,0.73381217559532,0.007299029965544,0,0.258888794439136,0,0,0,0
1352,1,665,0.702030017239543,0,0,0.297969982760457,0,0,0,0
1353,1,666,0.695429956917635,0.00172345954266,0,0.302846583539705,0,0,0,0
1354,1,667,0.769639947245682,0,0,0.230360052754318,0,0,0,0
1355,1,668,0.763792455238931,0.002568955905718,0,0.233638588855351,0,0,0,0
1356,1,669,0.760524118831273,0,0,0.239475881168727,0,0,0,0
1357,1,670,0.789415079714862,0.002954927348591,0,0.207629992936546,0,0,0,0
1358,1,671,0.821111721548732,0,0,0.178888278451268,0,0,0,0
1359,1,672,0.813694795310361,0.003278497176492,0,0.183026707513146,0,0,0,0
1360,1,673,0.843576625835525,0,0,0.156423374164475,0,0,0,0
1361,1,674,0.837057299162458,0.003540134295122,0,0.159402566542419,0,0,0,0
1362,1,675,0.83255767449338,0.003652922934343,0,0.163789402572277,0,0,0,0
1363,1,676,0.831209927217523,0,0,0.168790072782477,0,0,0,0
1364,1,677,0.85385433123905,0.0038880059582,0,0.14225766280275,0,0,0,0
1365,1,678,0.876301371479335,0.004068801564044,0,0.119629826956621,0,0,0,0
1366,1,679,0.875154373553115,0.004172973346958,0,0.120672653099928,0,0,0,0
1367,1,680,0.870328235028606,0.004338795882749,0,0.125332969088645,0,0,0,0
1368,1,681,0.914412366037557,0.004464587525953,0,0.08112304643649,0,0,0,0
1369,1,682,0.888712623643097,0.004653471459975,0,0.106633904896928,0,0,0,0
1370,1,683,0.908374093086312,0.004795566283676,0,0.086830340630012,0,0,0,0
1371,1,684,0.900157547170939,0.010046572744482,0,0.089795880084579,0,0,0,0
1372,1,685,0.921446723336435,0.007571453071644,0,0.070981823591921,0,0,0,0
1373,1,686,0.914856318935101,0.016189455557575,0,0.068954225507324,0,0,0,0
1374,1,687,0.94036378136908,0.007655150441939,0,0.051981068188981,0,0,0,0
