randomseed,drone_no,t,delta_des,delta_l,delta_f2,delta_f3,delta_obs..1.,delta_obs..2.,delta_obs..3.,delta_wall
1,1,1,0.693676422,0.30088712,0.003301825,0.002134633,0,0,0,0
2,1,2,0.555306088,0.349842676,0.020268961,0.074582275,0,0,0,0
3,1,3,0.517981607,0.356880167,0.023465957,0.101672269,0,0,0,0
4,1,4,0.540349977,0.195510709,0.044611701,0.219527613,0,0,0,0
5,1,5,0.349415719,0.053204412,0.074236228,0.523143641,0,0,0,0
6,1,6,0.323153353,0.203410363,0.031977782,0.441458502,0,0,0,0
7,1,7,0.287777256,0.319459706,0.009677549,0.383085489,0,0,0,0
8,1,8,0.21720416,0.232733145,0.002073704,0.547988991,0,0,0,0
9,1,9,0.176431304,0.255019896,0.001439758,0.567109042,0,0,0,0
10,1,10,0.252506844,0.363199094,0.003100459,0.381193602,0,0,0,0
11,1,11,0.467545811,0.109169859,0.009199169,0.414085161,0,0,0,0
12,1,12,0.580450798,0.206217326,0.020309198,0.193022678,0,0,0,0
13,1,13,0.577774948,0.1167069,0.03748276,0.268035392,0,0,0,0
14,1,14,0.631795403,0.203992591,0.021700477,0.142511529,0,0,0,0
15,1,15,0.613772787,0.165778044,0.018529134,0.201920035,0,0,0,0
16,1,16,0.595058044,0.188333898,0.015080025,0.201528033,0,0,0,0
17,1,17,0.569921437,0.16028154,0.012800573,0.25699645,0,0,0,0
18,1,18,0.571451554,0.168459256,0.009418767,0.250670423,0,0,0,0
19,1,19,0.572138864,0.131134646,0.011560816,0.285165674,0,0,0,0
20,1,20,0.549657263,0.155724138,0.026538843,0.268079756,0,0,0,0
21,1,21,0.501068808,0.212352044,0.074671012,0.211908136,0,0,0,0
22,1,22,0.435055522,0.193414433,0.115238839,0.256291205,0,0,0,0
23,1,23,0.385422227,0.107964833,0.223726281,0.282886659,0,0,0,0
24,1,24,0.45378322,0.059554277,0.189204637,0.297457866,0,0,0,0
25,1,25,0.487959459,0.068348367,0.156230343,0.287461831,0,0,0,0
26,1,26,0.491677907,0.086860661,0.122915698,0.298545734,0,0,0,0
27,1,27,0.538160245,0.063869283,0.114074667,0.283895805,0,0,0,0
28,1,28,0.562255594,0.052768529,0.127520765,0.257455112,0,0,0,0
29,1,29,0.593290379,0.056672019,0.114293796,0.235743806,0,0,0,0
30,1,30,0.600570233,0.068835918,0.100626204,0.229967645,0,0,0,0
31,1,31,0.645505416,0.059039573,0.095378594,0.200076417,0,0,0,0
32,1,32,0.606992724,0.056964734,0.099388495,0.236654047,0,0,0,0
33,1,33,0.479791155,0.231522663,0.068926536,0.219759646,0,0,0,0
34,1,34,0.66062091,0.125921863,0.118210226,0.095247001,0,0,0,0
35,1,35,0.870917711,0.02779774,0.0232198,0.078064749,0,0,0,0
36,1,36,0.920935586,0.015303687,0.009779824,0.053980903,0,0,0,0
37,1,37,0.926926808,0.026210479,0.005990946,0.040871767,0,0,0,0
38,1,38,0.930763554,0.033927541,0.003932209,0.031376696,0,0,0,0
39,1,39,0.935419629,0.029023351,0.005575764,0.029981256,0,0,0,0
40,1,40,0.925587186,0.03283556,0.008870054,0.0327072,0,0,0,0
41,1,41,0.917103874,0.028573428,0.012717408,0.04160529,0,0,0,0
42,1,42,0.893521478,0.033456343,0.018900318,0.054121861,0,0,0,0
43,1,43,0.874915773,0.033476459,0.024403775,0.067203993,0,0,0,0
44,1,44,0.867331412,0.032272184,0.028540483,0.071855921,0,0,0,0
45,1,45,0.84299401,0.032471148,0.039475052,0.08505979,0,0,0,0
46,1,46,0.84480112,0.029594847,0.04185169,0.083752343,0,0,0,0
47,1,47,0.840066031,0.031105688,0.039275828,0.089552453,0,0,0,0
48,1,48,0.847052069,0.014517068,0.042962159,0.095468704,0,0,0,0
49,1,49,0.844030938,0.015451624,0.045000441,0.095516997,0,0,0,0
50,1,50,0.809209013,0.045332196,0.044225171,0.10123362,0,0,0,0
51,1,51,0.831433863,0.030401069,0.035953902,0.102211166,0,0,0,0
52,1,52,0.83578805,0.022813008,0.035595151,0.105803791,0,0,0,0
53,1,53,0.846554757,0.032321316,0.026633571,0.094490356,0,0,0,0
54,1,54,0.844546213,0.035314425,0.028551931,0.091587431,0,0,0,0
55,1,55,0.845854144,0.040240661,0.024981378,0.088923817,0,0,0,0
56,1,56,0.846495328,0.041195086,0.02585344,0.086456146,0,0,0,0
57,1,57,0.858340682,0.036056876,0.023064824,0.082537618,0,0,0,0
58,1,58,0.855903667,0.037885179,0.021121875,0.085089279,0,0,0,0
59,1,59,0.846504727,0.050958144,0.019013919,0.08352321,0,0,0,0
60,1,60,0.81995186,0.087649983,0.00900946,0.083388697,0,0,0,0
61,1,61,0.787430085,0.11861775,0.003483844,0.090468321,0,0,0,0
62,1,62,0.761083892,0.13612738,0.00017663,0.102612098,0,0,0,0
63,1,63,0.768114072,0.120950037,1.99E-05,0.110915991,0,0,0,0
64,1,64,0.743557745,0.137407987,0,0.119034268,0,0,0,0
65,1,65,0.761510356,0.125041127,0,0.113448517,0,0,0,0
66,1,66,0.76622276,0.110753261,0,0.123023979,0,0,0,0
67,1,67,0.755557925,0.121265107,0,0.123176968,0,0,0,0
68,1,68,0.756514654,0.12087983,0,0.122605516,0,0,0,0
69,1,69,0.774584517,0.10305698,0,0.122358503,0,0,0,0
70,1,70,0.778008482,0.099835935,0,0.122155583,0,0,0,0
71,1,71,0.785998907,0.102620001,0,0.111381092,0,0,0,0
72,1,72,0.799530694,0.094286767,0,0.106168339,0,0,0,1.42E-05
73,1,73,0.807907271,0.090320147,0,0.101560968,0,0,0,0.000211614
74,1,74,0.80228386,0.09723308,0,0.099512967,0,0,0,0.000970093
75,1,75,0.808116799,0.09302025,0,0.092296287,0,0,0,0.006566664
76,1,76,0.795684461,0.099649344,0,0.085373266,0,0,0,0.019292929
77,1,77,0.750397593,0.087593724,0,0.072880649,0,0,0,0.089128034
78,1,78,0.613060632,0.149663635,0,0.066030372,0,0,0,0.171245361
79,1,79,0.599663862,0.114340993,1.16E-06,0.064437825,0,0,0,0.221556161
80,1,80,0.750740444,0.112882714,0.000321904,0.067357309,0,0,0,0.068697629
81,1,81,0.661284599,0.067288815,0.000305107,0.074759832,0,0,0,0.196361647
82,1,82,0.627882713,0.128518483,0.001176748,0.08191049,0,0,0,0.160511566
83,1,83,0.65767416,0.067829361,0.002889609,0.087416423,0,0,0,0.184190447
84,1,84,0.687457825,0.047944074,0.006300448,0.143287128,0,0,0,0.115010525
85,1,85,0.649695074,0.027428694,0.006271958,0.164813586,0,0,0,0.151790688
86,1,86,0.657181403,0.01804428,0.008616152,0.168579311,0,0,0,0.147578854
87,1,87,0.643084901,0.019736242,0.011026337,0.184858486,0,0,0,0.141294034
88,1,88,0.651104176,0.014807013,0.012919057,0.180246621,0,0,0,0.140923133
89,1,89,0.651228968,0.010694883,0.015846479,0.173291442,0,0,0,0.148938228
90,1,90,0.667368291,0.015163741,0.018900653,0.170225711,0,0,0,0.128341604
91,1,91,0.678291821,0.011412609,0.01852317,0.162551351,0,0,0,0.129221049
92,1,92,0.701418415,0.012537887,0.019123138,0.149697545,0,0,0,0.117223015
93,1,93,0.722506888,0.013052453,0.017819233,0.132246525,0,0,0,0.114374901
94,1,94,0.739166174,0.011387843,0.018511363,0.119237089,0,0,0,0.111697531
95,1,95,0.762656571,0.010977599,0.017201496,0.104664187,0,0,0,0.104500147
96,1,96,0.782446915,0.013005296,0.018517695,0.087296575,0,0,0,0.098733519
97,1,97,0.803681717,0.013063275,0.017446928,0.07683069,0,0,0,0.08897739
98,1,98,0.820716873,0.017727815,0.020216538,0.064543998,0,0,0,0.076794776
99,1,99,0.827418419,0.016166873,0.022142677,0.056484829,0,0,0,0.077787202
100,1,100,0.827443012,0.022167823,0.026086072,0.048009824,0,0,0,0.076293269
101,1,101,0.807404266,0.022791033,0.021955498,0.05223559,0,0,0,0.095613613
102,1,102,0.790079543,0.024141009,0.019939537,0.052465569,0,0,0,0.113374342
103,1,103,0.756303552,0.024346332,0.021106888,0.069480959,0,0,0,0.128762269
104,1,104,0.730967292,0.023598186,0.020314333,0.081393801,0,0,0,0.143726388
105,1,105,0.714306311,0.021906603,0.019100675,0.089720101,0,0,0,0.15496631
106,1,106,0.69878865,0.025631095,0.013082263,0.116844192,0,0,0,0.1456538
107,1,107,0.702076445,0.023953529,0.01298019,0.106990913,0,0,0,0.153998923
108,1,108,0.683906873,0.023290983,0.007629968,0.127394167,0,0,0,0.157778009
109,1,109,0.686621611,0.022905176,0.007408052,0.130052778,0,0,0,0.153012383
110,1,110,0.672735987,0.025151399,0.005247405,0.13770144,0,0,0,0.159163769
111,1,111,0.671906087,0.022287525,0.00454807,0.146008766,0,0,0,0.155249552
112,1,112,0.671600145,0.024496863,0.004778765,0.150754361,0,0,0,0.148369866
113,1,113,0.677563772,0.024253208,0.004356362,0.154923238,0,0,0,0.13890342
114,1,114,0.68649281,0.024563403,0.003758182,0.146736356,0,0,0,0.138449249
115,1,115,0.685763292,0.023888548,0.003752411,0.148177014,0,0,0,0.138418735
116,1,116,0.70342036,0.023703868,0.002576603,0.131306041,0,0,0,0.138993128
117,1,117,0.704235821,0.025324188,0.002196281,0.133794231,0,0,0,0.134449479
118,1,118,0.718190162,0.025932899,0.003635159,0.127994326,0,0,0,0.124247454
119,1,119,0.72702753,0.028429905,0.003840563,0.12192217,0,0,0,0.118779832
120,1,120,0.729879878,0.030886745,0.003103202,0.123518568,0,0,0,0.112611607
121,1,121,0.74812384,0.031114211,0.002567992,0.113466057,0,0,0,0.1047279
122,1,122,0.740857005,0.038080503,0.003819788,0.110506175,0,0,0,0.106736529
123,1,123,0.753986419,0.038224088,0.002644494,0.108016753,0,0,0,0.097128246
124,1,124,0.741438211,0.03732862,0.005254036,0.123747251,0,0,0,0.092231882
125,1,125,0.747570464,0.041141155,0.003647547,0.116811657,0,0,0,0.090829177
126,1,126,0.746852353,0.040133714,0.003380575,0.129695994,0,0,0,0.079937364
127,1,127,0.746014039,0.042443453,0.004545553,0.128449283,0,0,0,0.078547672
128,1,128,0.751199859,0.036628617,0.005674583,0.13127041,0,0,0,0.075226531
129,1,129,0.746911822,0.038955762,0.005584076,0.134609673,0,0,0,0.073938667
130,1,130,0.759098607,0.034937903,0.005547996,0.135225702,0,0,0,0.065189792
131,1,131,0.764835552,0.035209668,0.009231683,0.126972642,0,0,0,0.063750455
132,1,132,0.777873556,0.033631856,0.010343726,0.121998629,0,0,0,0.056152233
133,1,133,0.785763417,0.030045019,0.011740983,0.121807197,0,0,0,0.050643384
134,1,134,0.792656349,0.029301656,0.013216181,0.121926565,0,0,0,0.042899249
135,1,135,0.803728135,0.024137095,0.015354913,0.117786733,0,0,0,0.038993124
136,1,136,0.810101818,0.024064586,0.016589617,0.11736433,0,0,0,0.031879649
137,1,137,0.826631255,0.022915941,0.017511135,0.106644422,0,0,0,0.026297247
138,1,138,0.831328283,0.020649682,0.020054168,0.107237017,0,0,0,0.02073085
139,1,139,0.841304389,0.019951348,0.019825494,0.104248718,0,0,0,0.014670051
140,1,140,0.853864336,0.017844018,0.020660415,0.098582018,0,0,0,0.009049213
141,1,141,0.855907059,0.017284389,0.022474679,0.099060443,0,0,0,0.00527343
142,1,142,0.865125639,0.013669101,0.024102926,0.094628606,0,0,0,0.002473728
143,1,143,0.869184,0.013974258,0.02430576,0.091574167,0,0,0,0.000961815
144,1,144,0.873160476,0.012310242,0.023685286,0.09067108,0,0,0,0.000172916
145,1,145,0.881807424,0.011290457,0.022085562,0.084791457,0,0,0,2.51E-05
146,1,146,0.881939032,0.01186529,0.022651396,0.083544262,0,0,0,2.00E-08
147,1,147,0.89199208,0.031120112,0.021384564,0.055503244,0,0,0,0
148,1,148,0.908029784,0.027676763,0.008052891,0.056240562,0,0,0,0
149,1,149,0.902599238,0.042508256,0.008218651,0.046673855,0,0,0,0
150,1,150,0.886930049,0.035835335,0.02373931,0.053495306,0,0,0,0
151,1,151,0.884543828,0.034041821,0.023149631,0.05826472,0,0,0,0
152,1,152,0.88339702,0.028354938,0.0217455,0.066502542,0,0,0,0
153,1,153,0.884096445,0.027308477,0.020696935,0.067898143,0,0,0,0
154,1,154,0.886690843,0.026120873,0.019769534,0.06741875,0,0,0,0
155,1,155,0.888295125,0.0223503,0.021810547,0.067544028,0,0,0,0
156,1,156,0.889528231,0.020891243,0.020971218,0.068609308,0,0,0,0
157,1,157,0.89079587,0.017548283,0.019834275,0.071821572,0,0,0,0
158,1,158,0.89182795,0.017653782,0.020814161,0.069704107,0,0,0,0
159,1,159,0.894036655,0.016400968,0.018500002,0.071062375,0,0,0,0
160,1,160,0.897872021,0.015692453,0.017315754,0.069119772,0,0,0,0
161,1,161,0.898125399,0.014957614,0.018102449,0.068814538,0,0,0,0
162,1,162,0.900682799,0.013046029,0.018098033,0.068173139,0,0,0,0
163,1,163,0.89548588,0.013592924,0.018396624,0.072524572,0,0,0,0
164,1,164,0.897021934,0.010580997,0.017696061,0.074701008,0,0,0,0
165,1,165,0.896548383,0.011700665,0.017799301,0.073951651,0,0,0,0
166,1,166,0.898645247,0.01150466,0.017228519,0.072621574,0,0,0,0
167,1,167,0.901020107,0.010358493,0.018179183,0.070442217,0,0,0,0
168,1,168,0.900195446,0.010539978,0.018398834,0.070865742,0,0,0,0
169,1,169,0.902395173,0.01020728,0.016473852,0.070923695,0,0,0,0
170,1,170,0.900030329,0.010354752,0.016306914,0.073308005,0,0,0,0
171,1,171,0.904122559,0.00948216,0.015662891,0.07073239,0,0,0,0
172,1,172,0.904207054,0.009601984,0.015214624,0.070976338,0,0,0,0
173,1,173,0.902893563,0.009551863,0.014928117,0.072626457,0,0,0,0
174,1,174,0.902364515,0.009424901,0.016072692,0.072137892,0,0,0,0
175,1,175,0.903307119,0.009589894,0.015618331,0.071484656,0,0,0,0
176,1,176,0.901936257,0.009109749,0.01481484,0.074139154,0,0,0,0
177,1,177,0.904197314,0.009191232,0.015554623,0.071056831,0,0,0,0
178,1,178,0.904495331,0.009134177,0.016977569,0.069392923,0,0,0,0
179,1,179,0.905066793,0.008094471,0.016802187,0.070036549,0,0,0,0
180,1,180,0.901077322,0.008892673,0.01724025,0.072789755,0,0,0,0
181,1,181,0.901765435,0.007845883,0.016295895,0.074092787,0,0,0,0
182,1,182,0.90196357,0.00787313,0.017407521,0.072755779,0,0,0,0
183,1,183,0.90086743,0.007252539,0.017246226,0.074633805,0,0,0,0
184,1,184,0.899429704,0.008119923,0.016680413,0.07576996,0,0,0,0
185,1,185,0.89802832,0.007715951,0.016748963,0.077506766,0,0,0,0
186,1,186,0.90328108,0.007296287,0.01532854,0.074094093,0,0,0,0
187,1,187,0.899073537,0.007152363,0.016513997,0.077260103,0,0,0,0
188,1,188,0.899434063,0.00741371,0.016714422,0.076437805,0,0,0,0
189,1,189,0.901225179,0.006090677,0.015869233,0.076814911,0,0,0,0
190,1,190,0.899927217,0.007311637,0.016182422,0.076578724,0,0,0,0
191,1,191,0.903145652,0.00674296,0.016279451,0.073831937,0,0,0,0
192,1,192,0.897994919,0.007748536,0.016307695,0.07794885,0,0,0,0
193,1,193,0.90001647,0.006475368,0.017031059,0.076477103,0,0,0,0
194,1,194,0.903413636,0.006443363,0.018440372,0.071702629,0,0,0,0
195,1,195,0.897179208,0.006946723,0.016584934,0.079289135,0,0,0,0
196,1,196,0.904071387,0.00656339,0.016749176,0.072616047,0,0,0,0
197,1,197,0.905116955,0.006288322,0.017076297,0.071518426,0,0,0,0
198,1,198,0.907154286,0.005813665,0.017081452,0.069950597,0,0,0,0
199,1,199,0.904370892,0.006585724,0.017861532,0.071181852,0,0,0,0
200,1,200,0.903888138,0.006026116,0.01757037,0.072515376,0,0,0,0
201,1,201,0.902161175,0.005961012,0.01691363,0.074964183,0,0,0,0
202,1,202,0.900216648,0.00638457,0.016608823,0.076789959,0,0,0,0
203,1,203,0.904382945,0.006101378,0.016881958,0.072633719,0,0,0,0
204,1,204,0.898442189,0.0068153,0.01732048,0.077422031,0,0,0,0
205,1,205,0.901744382,0.006566205,0.016018332,0.075671081,0,0,0,0
206,1,206,0.902828997,0.006082782,0.017807234,0.073280987,0,0,0,0
207,1,207,0.897564171,0.007065919,0.017605292,0.077764618,0,0,0,0
208,1,208,0.903044749,0.005472288,0.01807661,0.073406353,0,0,0,0
209,1,209,0.897006543,0.007143528,0.018287156,0.077562773,0,0,0,0
210,1,210,0.900771828,0.005866263,0.017812942,0.075548967,0,0,0,0
211,1,211,0.89788942,0.006322522,0.018876966,0.076911092,0,0,0,0
212,1,212,0.902453834,0.006424174,0.01846869,0.072653302,0,0,0,0
213,1,213,0.899403493,0.006328919,0.017611189,0.076656399,0,0,0,0
214,1,214,0.895774041,0.006671483,0.017240294,0.080314182,0,0,0,0
215,1,215,0.900915943,0.005861009,0.018522095,0.074700953,0,0,0,0
216,1,216,0.897769276,0.006201578,0.017351222,0.078677924,0,0,0,0
217,1,217,0.903147598,0.005660977,0.018569974,0.072621451,0,0,0,0
218,1,218,0.900715658,0.005396771,0.017485648,0.076401923,0,0,0,0
219,1,219,0.90007589,0.006122157,0.017285225,0.076516728,0,0,0,0
220,1,220,0.901017533,0.005471645,0.015930962,0.07757986,0,0,0,0
221,1,221,0.898704192,0.005843918,0.016968269,0.078483621,0,0,0,0
222,1,222,0.902478468,0.005657333,0.017592425,0.074271774,0,0,0,0
223,1,223,0.898732121,0.005551878,0.017198832,0.078517169,0,0,0,0
224,1,224,0.898599403,0.005991791,0.018381654,0.077027152,0,0,0,0
225,1,225,0.900899132,0.004903597,0.017427802,0.076769469,0,0,0,0
226,1,226,0.897965243,0.00601609,0.018291368,0.077727299,0,0,0,0
227,1,227,0.894872302,0.005570009,0.017098011,0.082459678,0,0,0,0
228,1,228,0.894965683,0.005741414,0.017631449,0.081661454,0,0,0,0
229,1,229,0.893539862,0.005611714,0.016893535,0.083954889,0,0,0,0
230,1,230,0.892718754,0.005458099,0.016515114,0.085308033,0,0,0,0
231,1,231,0.897297876,0.005179542,0.017688976,0.079833606,0,0,0,0
232,1,232,0.897240364,0.004319958,0.016701228,0.08173845,0,0,0,0
233,1,233,0.894127208,0.005775288,0.017545586,0.082551918,0,0,0,0
234,1,234,0.895480576,0.004886927,0.017042393,0.082590104,0,0,0,0
235,1,235,0.897324533,0.004972608,0.018007498,0.079695361,0,0,0,0
236,1,236,0.896260029,0.00556376,0.017506534,0.080669677,0,0,0,0
237,1,237,0.900169083,0.004377082,0.01672861,0.078725225,0,0,0,0
238,1,238,0.89343544,0.005679992,0.017344833,0.083539735,0,0,0,0
239,1,239,0.898505123,0.004510326,0.017887825,0.079096726,0,0,0,0
240,1,240,0.897373075,0.005476186,0.018232447,0.078918292,0,0,0,0
241,1,241,0.899833356,0.004993921,0.017673119,0.077499604,0,0,0,0
242,1,242,0.897520559,0.00553534,0.017341759,0.079602342,0,0,0,0
243,1,243,0.892322411,0.005162825,0.01729618,0.085218584,0,0,0,0
244,1,244,0.897963519,0.005419298,0.018428643,0.07818854,0,0,0,0
245,1,245,0.894248653,0.005065764,0.019130708,0.081554875,0,0,0,0
246,1,246,0.890979547,0.00531679,0.018917167,0.084786496,0,0,0,0
247,1,247,0.893932084,0.005235534,0.017836458,0.082995924,0,0,0,0
248,1,248,0.896451445,0.005359084,0.01926098,0.078928491,0,0,0,0
249,1,249,0.898752731,0.004144598,0.018447767,0.078654904,0,0,0,0
250,1,250,0.895070013,0.005854441,0.018558404,0.080517142,0,0,0,0
251,1,251,0.894532058,0.004779651,0.019271826,0.081416465,0,0,0,0
252,1,252,0.894659085,0.005010387,0.019460875,0.080869653,0,0,0,0
253,1,253,0.893855457,0.005608309,0.019786093,0.080750141,0,0,0,0
254,1,254,0.894174503,0.005129371,0.018604665,0.082091461,0,0,0,0
255,1,255,0.889149696,0.005011963,0.018445164,0.087393177,0,0,0,0
256,1,256,0.890452103,0.006569303,0.01839499,0.084583604,0,0,0,0
257,1,257,0.892043565,0.005707801,0.017552048,0.084696586,0,0,0,0
258,1,258,0.894609457,0.004511327,0.019798782,0.081080434,0,0,0,0
259,1,259,0.89028137,0.006621533,0.019254831,0.083842266,0,0,0,0
260,1,260,0.893695494,0.007081415,0.017670527,0.081552564,0,0,0,0
261,1,261,0.894409037,0.007020914,0.018484012,0.080086037,0,0,0,0
262,1,262,0.894636951,0.007013399,0.016769961,0.081579689,0,0,0,0
263,1,263,0.900754426,0.006730566,0.018455719,0.074059289,0,0,0,0
264,1,264,0.898504815,0.008136092,0.018168951,0.075190142,0,0,0,0
265,1,265,0.901246636,0.007075263,0.017295832,0.074382269,0,0,0,0
266,1,266,0.901074363,0.005982438,0.017444243,0.075498956,0,0,0,0
267,1,267,0.898052941,0.008443583,0.015943169,0.077560307,0,0,0,0
268,1,268,0.897865179,0.008031082,0.015354152,0.078749587,0,0,0,0
269,1,269,0.900076688,0.008306046,0.015791709,0.075825557,0,0,0,0
270,1,270,0.899900946,0.010148935,0.015133942,0.074816177,0,0,0,0
271,1,271,0.902823847,0.009175677,0.015039236,0.07296124,0,0,0,0
272,1,272,0.902547195,0.009596759,0.015402235,0.072453811,0,0,0,0
273,1,273,0.900348437,0.011196369,0.015188253,0.073266941,0,0,0,0
274,1,274,0.907117268,0.009198313,0.014052055,0.069632364,0,0,0,0
275,1,275,0.903499616,0.010843281,0.014434952,0.071222151,0,0,0,0
276,1,276,0.905099152,0.013364092,0.014621845,0.066914911,0,0,0,0
277,1,277,0.906331701,0.011503855,0.013751188,0.068413256,0,0,0,0
278,1,278,0.903350649,0.013831989,0.013510911,0.069306451,0,0,0,0
279,1,279,0.90518279,0.012121706,0.013009969,0.069685535,0,0,0,0
280,1,280,0.908018399,0.013324439,0.013653882,0.06500328,0,0,0,0
281,1,281,0.909265309,0.014599342,0.013102963,0.063032386,0,0,0,0
282,1,282,0.906074228,0.014918302,0.011600607,0.067406863,0,0,0,0
283,1,283,0.906723263,0.013843188,0.011971606,0.067461943,0,0,0,0
284,1,284,0.904230703,0.017118038,0.010522548,0.068128711,0,0,0,0
285,1,285,0.909193188,0.017076742,0.010548812,0.063181258,0,0,0,0
286,1,286,0.908598881,0.016135729,0.010354827,0.064910563,0,0,0,0
287,1,287,0.908208808,0.016864715,0.01008076,0.064845717,0,0,0,0
288,1,288,0.909652526,0.017747918,0.009918129,0.062681427,0,0,0,0
289,1,289,0.906797555,0.017624978,0.009668153,0.065909314,0,0,0,0
290,1,290,0.902738717,0.018687146,0.009771601,0.068802536,0,0,0,0
291,1,291,0.903695744,0.021021572,0.009669252,0.065613432,0,0,0,0
292,1,292,0.908876953,0.019968214,0.00996853,0.061186303,0,0,0,0
293,1,293,0.907651931,0.019598525,0.008924425,0.063825119,0,0,0,0
294,1,294,0.909465572,0.017801593,0.009706342,0.063026494,0,0,0,0
295,1,295,0.911136735,0.016311183,0.00947556,0.063076522,0,0,0,0
296,1,296,0.910742131,0.019084118,0.008974066,0.061199686,0,0,0,0
297,1,297,0.913883626,0.015899336,0.009309241,0.060907797,0,0,0,0
298,1,298,0.908422349,0.017646305,0.009272388,0.064658957,0,0,0,0
299,1,299,0.911377907,0.017850588,0.009271069,0.061500436,0,0,0,0
300,1,300,0.915538619,0.014707049,0.009056808,0.060697524,0,0,0,0
301,1,301,0.910087831,0.018391179,0.00901887,0.06250212,0,0,0,0
302,1,302,0.909938046,0.016105077,0.008725256,0.065231621,0,0,0,0
303,1,303,0.910961843,0.016911556,0.008911865,0.063214736,0,0,0,0
304,1,304,0.913681897,0.01737737,0.009090688,0.059850044,0,0,0,0
305,1,305,0.918886863,0.01546141,0.009369818,0.056281908,0,0,0,0
306,1,306,0.916279323,0.015821172,0.010259062,0.057640443,0,0,0,0
307,1,307,0.91513558,0.014062638,0.009959849,0.060841933,0,0,0,0
308,1,308,0.911381867,0.014732946,0.011099343,0.062785844,0,0,0,0
309,1,309,0.90946833,0.015873954,0.011042383,0.063615333,0,0,0,0
310,1,310,0.911253296,0.014410033,0.011203137,0.063133533,0,0,0,0
311,1,311,0.908707001,0.014200267,0.012676936,0.064415796,0,0,0,0
312,1,312,0.913294323,0.012965361,0.012245369,0.061494947,0,0,0,0
313,1,313,0.910230504,0.01360978,0.01188319,0.064276526,0,0,0,0
314,1,314,0.910750398,0.014653125,0.011777905,0.062818572,0,0,0,0
315,1,315,0.915103611,0.011130442,0.012258327,0.06150762,0,0,0,0
316,1,316,0.909355308,0.012828902,0.012822957,0.064992833,0,0,0,0
317,1,317,0.911078198,0.012031596,0.011750258,0.065139948,0,0,0,0
318,1,318,0.910779191,0.011977669,0.012712859,0.064530282,0,0,0,0
319,1,319,0.911253971,0.012625417,0.013447789,0.062672823,0,0,0,0
320,1,320,0.911796754,0.011195966,0.013685397,0.063321883,0,0,0,0
321,1,321,0.909137594,0.011997256,0.01460449,0.06426066,0,0,0,0
322,1,322,0.908811307,0.011326106,0.013155631,0.066706956,0,0,0,0
323,1,323,0.906672537,0.01153565,0.013431794,0.06836002,0,0,0,0
324,1,324,0.909809478,0.010745802,0.013486939,0.065957781,0,0,0,0
325,1,325,0.909352257,0.008995523,0.014645155,0.067007064,0,0,0,0
326,1,326,0.905098951,0.011727186,0.014573482,0.068600381,0,0,0,0
327,1,327,0.910896745,0.009306271,0.015040932,0.064756052,0,0,0,0
328,1,328,0.907478715,0.009392596,0.014629631,0.068499058,0,0,0,0
329,1,329,0.907657188,0.010339229,0.013826286,0.068177297,0,0,0,0
330,1,330,0.909027172,0.00883849,0.014074838,0.068059499,0,0,0,0
331,1,331,0.908465052,0.0098119,0.01433523,0.067387817,0,0,0,0
332,1,332,0.908785198,0.007959592,0.014771777,0.068483433,0,0,0,0
333,1,333,0.899978673,0.009470428,0.015578132,0.074972767,0,0,0,0
334,1,334,0.90529256,0.007744811,0.01560002,0.07136261,0,0,0,0
335,1,335,0.905535219,0.008589102,0.015656573,0.070219106,0,0,0,0
336,1,336,0.903680341,0.009554869,0.014679902,0.072084889,0,0,0,0
337,1,337,0.903455993,0.007833857,0.014648622,0.074061527,0,0,0,0
338,1,338,0.90023401,0.008505945,0.016347108,0.074912937,0,0,0,0
339,1,339,0.898891666,0.007962777,0.015050007,0.07809555,0,0,0,0
340,1,340,0.898273797,0.008696304,0.016001076,0.077028823,0,0,0,0
341,1,341,0.899855045,0.008933986,0.01776245,0.073448519,0,0,0,0
342,1,342,0.898844148,0.008476519,0.01712032,0.075559012,0,0,0,0
343,1,343,0.898310345,0.009254108,0.018390261,0.074045286,0,0,0,0
344,1,344,0.901816501,0.009247783,0.017206957,0.07172876,0,0,0,0
345,1,345,0.897713552,0.012593251,0.016918001,0.072775196,0,0,0,0
346,1,346,0.9002046,0.014189235,0.016139103,0.069467061,0,0,0,0
347,1,347,0.896866133,0.015335774,0.016728296,0.071069797,0,0,0,0
348,1,348,0.896956289,0.017837321,0.01596281,0.06924358,0,0,0,0
349,1,349,0.899618286,0.021461156,0.014982957,0.0639376,0,0,0,0
350,1,350,0.898918365,0.022243653,0.016436766,0.062401217,0,0,0,0
351,1,351,0.900168705,0.023350363,0.015795786,0.060685146,0,0,0,0
352,1,352,0.898970117,0.024011587,0.016311673,0.060706623,0,0,0,0
353,1,353,0.902296747,0.025161329,0.015118864,0.05742306,0,0,0,0
354,1,354,0.90466438,0.024160059,0.014745126,0.056430435,0,0,0,0
355,1,355,0.904261609,0.025766583,0.014203896,0.055767911,0,0,0,0
356,1,356,0.906807354,0.02430947,0.01388233,0.055000845,0,0,0,0
357,1,357,0.904771875,0.02572647,0.014387913,0.055098655,0,0,0,1.51E-05
358,1,358,0.908233736,0.024016184,0.013858639,0.053624146,0,0,0,2.67E-04
359,1,359,0.910336995,0.022532455,0.013366757,0.05241591,0,0,0,0.001347883
360,1,360,0.911470523,0.020001534,0.013475874,0.051541497,0,0,0,0.003510572
361,1,361,0.90962193,0.018576211,0.0128847,0.051409229,0,0,0,0.00750793
362,1,362,0.90165087,0.020127708,0.012073938,0.051752407,0,0,0,0.014395077
363,1,363,0.893019786,0.016863188,0.012215054,0.052644175,0,0,0,0.025257797
364,1,364,0.850538825,0.02328712,0.012146882,0.062684409,0,0,0,0.051342764
365,1,365,0.800927634,0.016276959,0.011912905,0.073854203,0,0,0,0.097028299
366,1,366,0.686624951,0.039153143,0.011727742,0.076546547,0,0,0,0.185947618
367,1,367,0.684772326,0.026047943,0.009862929,0.133272632,0,0,0,0.14604417
368,1,368,0.629060003,0.045652985,0.009911914,0.125770276,0,0,0,0.189604822
369,1,369,0.628079665,0.018514259,0.008970126,0.18289814,0,0,0,0.161537811
370,1,370,0.592750038,0.039601884,0.009602141,0.157352569,0,0,0,0.200693369
371,1,371,0.624370297,0.021390787,0.007845995,0.202438534,0,0,0,0.143954387
372,1,372,0.584964458,0.028847053,0.008876352,0.184444536,0,0,0,0.1928676
373,1,373,0.593112819,0.014704721,0.006680313,0.19732701,0,0,0,0.188175137
374,1,374,0.584998294,0.011348899,0.005178681,0.203162361,0,0,0,0.195311766
375,1,375,0.58592799,0.017896615,0.003433313,0.227201002,0,0,0,0.16554108
376,1,376,0.59041511,0.007186078,0.003019586,0.215509266,0,0,0,0.18386996
377,1,377,0.579854263,0.017197714,0.001643995,0.221696526,0,0,0,0.179607503
378,1,378,0.59369786,0.009096147,0.001295527,0.214374779,0,0,0,0.181535687
379,1,379,0.600311845,0.01447253,9.58E-04,0.220592382,0,0,0,0.163665276
380,1,380,0.607884273,0.008164283,6.33E-04,0.216192256,0,0,0,0.167126298
381,1,381,0.610221481,0.009667098,1.34E-03,0.221785164,0,0,0,0.156981294
382,1,382,0.625218624,0.015947565,8.29E-04,0.207321261,0,0,0,0.15068368
383,1,383,0.644372739,0.013835538,0.001496628,0.201468174,0,0,0,0.13882692
384,1,384,0.659344108,0.010552129,0.00244387,0.192173048,0,0,0,0.135486844
385,1,385,0.658060412,0.011140611,0.002168727,0.195536601,0,0,0,0.133093648
386,1,386,0.672615938,0.012195301,0.003279213,0.183942581,0,0,0,0.127966967
387,1,387,0.686037669,0.008926796,0.004075451,0.182358271,0,0,0,0.118601814
388,1,388,0.685731462,0.011519636,0.003875873,0.183843158,0,0,0,0.115029871
389,1,389,0.697039395,0.008285188,0.004075497,0.183682136,0,0,0,0.106917783
390,1,390,0.69860754,0.009622984,0.004598053,0.175806381,0,0,0,0.111365042
391,1,391,0.705272737,0.010117089,0.004630691,0.17225536,0,0,0,0.107724123
392,1,392,0.712523634,0.008987601,0.005216504,0.166939155,0,0,0,0.106333106
393,1,393,0.719552854,0.010715081,0.006143848,0.159414485,0,0,0,0.104173733
394,1,394,0.722956164,0.007094629,0.005551597,0.163992725,0,0,0,0.100404885
395,1,395,0.721173541,0.00930407,0.005832295,0.162164583,0,0,0,0.10152551
396,1,396,0.727551486,0.006994209,0.006424856,0.159270447,0,0,0,0.099759003
397,1,397,0.722819736,0.008891274,0.006405585,0.163411133,0,0,0,0.098472272
398,1,398,0.717237707,0.008464416,0.005878638,0.166397298,0,0,0,0.102021941
399,1,399,0.71865848,0.007460301,0.005645898,0.166822519,0,0,0,0.101412801
400,1,400,0.708776505,0.009763137,0.005661125,0.168267617,0,0,0,0.107531616
401,1,401,0.715718966,0.006739396,0.006684253,0.166087932,0,0,0,0.104769454
402,1,402,0.707700581,0.008271773,0.006572832,0.175110051,0,0,0,0.102344763
403,1,403,0.707303649,0.007272179,0.007176384,0.179041482,0,0,0,0.099206306
404,1,404,0.70130182,0.009006649,0.007952299,0.181573766,0,0,0,0.100165465
405,1,405,0.698967755,0.009261706,0.008906955,0.182102528,0,0,0,0.100761056
406,1,406,0.700999462,0.00604857,0.008802807,0.187978588,0,0,0,0.096170573
407,1,407,0.688354797,0.0099472,0.009858462,0.199329781,0,0,0,0.092509761
408,1,408,0.688399278,0.009215124,0.010437423,0.206849426,0,0,0,0.085098749
409,1,409,0.712323731,0.008172922,0.01240974,0.193352219,0,0,0,0.073741388
410,1,410,0.724884374,0.009399401,0.012443486,0.192920427,0,0,0,0.060352312
411,1,411,0.760353887,0.007676039,0.012894253,0.174330289,0,0,0,0.044745533
412,1,412,0.783629718,0.009708844,0.014077283,0.158995383,0,0,0,0.033588771
413,1,413,0.80864978,0.007045657,0.015066118,0.144848831,0,0,0,0.024389614
414,1,414,0.821395374,0.007783049,0.015514608,0.138693515,0,0,0,0.016613455
415,1,415,0.841982231,0.008097289,0.014960805,0.124575861,0,0,0,0.010383814
416,1,416,0.860591588,0.007265103,0.015581277,0.111313253,0,0,0,0.005248779
417,1,417,0.868436916,0.008700082,0.016226226,0.104013116,0,0,0,0.00262366
418,1,418,0.877903864,0.006769073,0.016203202,0.098384102,0,0,0,7.40E-04
419,1,419,0.881462602,0.008261676,0.017050008,0.093102322,0,0,0,1.23E-04
420,1,420,0.884744928,0.006910528,0.016516753,0.091825239,0,0,0,2.55E-06
421,1,421,0.881001861,0.007926287,0.016441797,0.094630055,0,0,0,0
422,1,422,0.884278641,0.008151537,0.017239333,0.090330489,0,0,0,0
423,1,423,0.886441891,0.006151021,0.015487418,0.09191967,0,0,0,0
424,1,424,0.891723936,0.007909221,0.015945526,0.084421317,0,0,0,0
425,1,425,0.892170678,0.007804089,0.015240388,0.084784844,0,0,0,0
426,1,426,0.892836449,0.006560327,0.015176614,0.085426609,0,0,0,0
427,1,427,0.901182569,0.007441887,0.015222156,0.076153388,0,0,0,0
428,1,428,0.899417742,0.007238033,0.01472962,0.078614606,0,0,0,0
429,1,429,0.895588908,0.007457735,0.014829857,0.0821235,0,0,0,0
430,1,430,0.902941231,0.006408943,0.013694778,0.076955048,0,0,0,0
431,1,431,0.898585856,0.006942067,0.012971522,0.081500555,0,0,0,0
432,1,432,0.900323142,0.006923152,0.01241499,0.080338716,0,0,0,0
433,1,433,0.897469605,0.006506185,0.011714058,0.084310153,0,0,0,0
434,1,434,0.898227473,0.007544712,0.012156537,0.082071278,0,0,0,0
435,1,435,0.901116038,0.006365245,0.012299091,0.080219626,0,0,0,0
436,1,436,0.900445595,0.006669733,0.012898208,0.079986464,0,0,0,0
437,1,437,0.903544309,0.006070725,0.011964616,0.07842035,0,0,0,0
438,1,438,0.905242483,0.006452061,0.011579217,0.076726239,0,0,0,0
439,1,439,0.905470117,0.007049857,0.012068717,0.075411309,0,0,0,0
440,1,440,0.906668166,0.005424277,0.011461062,0.076446495,0,0,0,0
441,1,441,0.901731748,0.007245127,0.011100712,0.079922414,0,0,0,0
442,1,442,0.907072949,0.005050024,0.010985827,0.0768912,0,0,0,0
443,1,443,0.907479405,0.006337359,0.009949193,0.076234043,0,0,0,0
444,1,444,0.905082521,0.006899848,0.00978723,0.078230401,0,0,0,0
445,1,445,0.909227311,0.004910908,0.009537018,0.076324762,0,0,0,0
446,1,446,0.911113247,0.00604108,0.010176125,0.072669548,0,0,0,0
447,1,447,0.910295344,0.006024009,0.009328161,0.074352486,0,0,0,0
448,1,448,0.90568933,0.006046149,0.009011327,0.079253194,0,0,0,0
449,1,449,0.907923252,0.005791518,0.008836925,0.077448305,0,0,0,0
450,1,450,0.909603568,0.006144902,0.008995346,0.075256184,0,0,0,0
451,1,451,0.908214154,0.006438425,0.009122927,0.076224494,0,0,0,0
452,1,452,0.914147214,0.005197805,0.008320313,0.072334668,0,0,0,0
453,1,453,0.912707695,0.00694592,0.008921232,0.071425153,0,0,0,0
454,1,454,0.912882976,0.006195318,0.008483102,0.072438604,0,0,0,0
455,1,455,0.915737902,0.00498302,0.008199968,0.07107911,0,0,0,0
456,1,456,0.912384645,0.006925066,0.008285075,0.072405214,0,0,0,0
457,1,457,0.916020143,0.005744323,0.008128634,0.0701069,0,0,0,0
458,1,458,0.914394371,0.005229765,0.007917354,0.07245851,0,0,0,0
459,1,459,0.916726728,0.005724479,0.008190097,0.069358696,0,0,0,0
460,1,460,0.915194734,0.005102697,0.007835224,0.071867344,0,0,0,0
461,1,461,0.914359593,0.005565237,0.008001103,0.072074067,0,0,0,0
462,1,462,0.91477674,0.005707278,0.007799444,0.071716538,0,0,0,0
463,1,463,0.914957735,0.005670064,0.007713733,0.071658469,0,0,0,0
464,1,464,0.915503394,0.004726401,0.00684834,0.072921865,0,0,0,0
465,1,465,0.919521267,0.004910574,0.00768025,0.067887909,0,0,0,0
466,1,466,0.916999325,0.005380337,0.007384598,0.070235739,0,0,0,0
467,1,467,0.919256282,0.005005179,0.007544565,0.068193974,0,0,0,0
468,1,468,0.9168649,0.005423817,0.007497664,0.070213619,0,0,0,0
469,1,469,0.92018292,0.004085396,0.007426139,0.068305546,0,0,0,0
470,1,470,0.913697515,0.006014783,0.007280923,0.073006779,0,0,0,0
471,1,471,0.918055234,0.005006058,0.007125767,0.069812941,0,0,0,0
472,1,472,0.920219177,0.005602315,0.006693727,0.067484782,0,0,0,0
473,1,473,0.918404983,0.005685285,0.006567258,0.069342474,0,0,0,0
474,1,474,0.92089901,0.004382214,0.006541577,0.068177199,0,0,0,0
475,1,475,0.918569251,0.005698603,0.006448612,0.069283535,0,0,0,0
476,1,476,0.913720373,0.006341287,0.005833035,0.074105305,0,0,0,0
477,1,477,0.916441721,0.005337849,0.005958674,0.072261755,0,0,0,0
478,1,478,0.915366166,0.004829287,0.006380339,0.073424207,0,0,0,0
479,1,479,0.91761441,0.004299072,0.006091758,0.07199476,0,0,0,0
480,1,480,0.913846071,0.006138482,0.006161032,0.073854415,0,0,0,0
481,1,481,0.920023571,0.005656355,0.006400352,0.067919722,0,0,0,0
482,1,482,0.919125283,0.005388999,0.005991036,0.069494682,0,0,0,0
483,1,483,0.917791714,0.005156004,0.006572344,0.070479938,0,0,0,0
484,1,484,0.919306557,0.004037453,0.006292655,0.070363335,0,0,0,0
485,1,485,0.915799954,0.006487528,0.006343541,0.071368977,0,0,0,0
486,1,486,0.918661912,0.005234832,0.00592352,0.070179736,0,0,0,0
487,1,487,0.919326279,0.004965365,0.00596225,0.069746105,0,0,0,0
488,1,488,0.919318719,0.005785322,0.006804164,0.068091795,0,0,0,0
489,1,489,0.918861956,0.005982644,0.006012141,0.069143259,0,0,0,0
490,1,490,0.922046521,0.004525004,0.006422282,0.067006192,0,0,0,0
491,1,491,0.918874489,0.004825078,0.006126275,0.070174158,0,0,0,0
492,1,492,0.919408748,0.005696364,0.006288636,0.068606251,0,0,0,0
493,1,493,0.91991652,0.005071864,0.005887271,0.069124344,0,0,0,0
494,1,494,0.9241147,0.003282892,0.005883499,0.066718909,0,0,0,0
495,1,495,0.913305368,0.005863506,0.005995115,0.074836011,0,0,0,0
496,1,496,0.91854849,0.005010227,0.006071643,0.070369641,0,0,0,0
497,1,497,0.920953493,0.004164937,0.006207908,0.068673662,0,0,0,0
498,1,498,0.918701212,0.005677916,0.006210854,0.069410018,0,0,0,0
499,1,499,0.919453429,0.004291181,0.006398812,0.069856578,0,0,0,0
500,1,500,0.915569028,0.004728479,0.007090207,0.072612286,0,0,0,0
501,1,501,0.918281616,0.003794772,0.007232059,0.070691553,0,0,0,0
502,1,502,0.919688515,0.005110616,0.006133896,0.069066972,0,0,0,0
503,1,503,0.919417431,0.004888423,0.006003632,0.069690514,0,0,0,0
504,1,504,0.921206524,0.0042932,0.006250867,0.068249408,0,0,0,0
505,1,505,0.914159595,0.005038887,0.006083368,0.074718149,0,0,0,0
506,1,506,0.921028165,0.003962348,0.006215712,0.068793774,0,0,0,0
507,1,507,0.921143077,0.00428181,0.005994165,0.068580948,0,0,0,0
508,1,508,0.922592859,0.004548037,0.006194885,0.066664219,0,0,0,0
509,1,509,0.918588188,0.005186592,0.006506457,0.069718763,0,0,0,0
510,1,510,0.925419323,0.005205897,0.00642857,0.06294621,0,0,0,0
511,1,511,0.924766553,0.005611848,0.005924656,0.063696943,0,0,0,0
512,1,512,0.922762987,0.003964165,0.006187516,0.067085332,0,0,0,0
513,1,513,0.920924298,0.004614529,0.005933886,0.068527287,0,0,0,0
514,1,514,0.918143778,0.00502868,0.006030389,0.070797153,0,0,0,0
515,1,515,0.919772977,0.003080146,0.005848524,0.071298352,0,0,0,0
516,1,516,0.918438367,0.005414248,0.005749721,0.070397663,0,0,0,0
517,1,517,0.922414116,0.003500333,0.005887901,0.06819765,0,0,0,0
518,1,518,0.917979351,0.005102364,0.005463053,0.071455232,0,0,0,0
519,1,519,0.92193092,0.004879028,0.00603301,0.067157042,0,0,0,0
520,1,520,0.924848311,0.00345951,0.005201248,0.066490931,0,0,0,0
521,1,521,0.921910593,0.005195638,0.005770308,0.067123461,0,0,0,0
522,1,522,0.922266622,0.004010158,0.00562341,0.06809981,0,0,0,0
523,1,523,0.91811638,0.004039651,0.005670336,0.072173634,0,0,0,0
524,1,524,0.918587996,0.00518591,0.005930938,0.070295155,0,0,0,0
525,1,525,0.919936891,0.004776865,0.005766949,0.069519295,0,0,0,0
526,1,526,0.919616988,0.004947756,0.0064981,0.068937156,0,0,0,0
527,1,527,0.923719234,0.004167666,0.006298348,0.065814752,0,0,0,0
528,1,528,0.918363948,0.005290844,0.005868507,0.070476701,0,0,0,0
529,1,529,0.918630999,0.004533542,0.005840738,0.070994721,0,0,0,0
530,1,530,0.921879516,0.003171515,0.006117315,0.068831654,0,0,0,0
531,1,531,0.918203115,0.004743868,0.005726383,0.071326634,0,0,0,0
532,1,532,0.915931851,0.003649384,0.005569546,0.074849219,0,0,0,0
533,1,533,0.916711005,0.005137582,0.006134898,0.072016515,0,0,0,0
534,1,534,0.924126314,0.003783909,0.006379677,0.065710101,0,0,0,0
535,1,535,0.915454443,0.004478403,0.005842889,0.074224265,0,0,0,0
536,1,536,0.918973357,0.005088816,0.005965511,0.069972316,0,0,0,0
537,1,537,0.919132144,0.00468511,0.005423913,0.070758833,0,0,0,0
538,1,538,0.918545934,0.004248324,0.005525934,0.071679808,0,0,0,0
539,1,539,0.921715884,0.004357919,0.005781028,0.068145169,0,0,0,0
540,1,540,0.920228316,0.005495961,0.006185741,0.068089982,0,0,0,0
541,1,541,0.920594127,0.005121974,0.006099705,0.068184195,0,0,0,0
542,1,542,0.927080096,0.004448951,0.006436377,0.062034576,0,0,0,0
543,1,543,0.926076984,0.004463527,0.006764696,0.062694793,0,0,0,0
544,1,544,0.92634639,0.004087339,0.005956684,0.063609587,0,0,0,0
545,1,545,0.922406069,0.003964221,0.006185224,0.067444487,0,0,0,0
546,1,546,0.923264317,0.005038259,0.006430751,0.065266673,0,0,0,0
547,1,547,0.924589957,0.00266738,0.005901829,0.066840834,0,0,0,0
548,1,548,0.925575906,0.00557734,0.005959141,0.062887614,0,0,0,0
549,1,549,0.923944472,0.004164669,0.005468914,0.066421946,0,0,0,0
550,1,550,0.924994139,0.004353132,0.005980953,0.064671776,0,0,0,0
551,1,551,0.925197549,0.004274469,0.005792681,0.0647353,0,0,0,0
552,1,552,0.924034503,0.003222487,0.00615283,0.066590181,0,0,0,0
553,1,553,0.924277989,0.004920548,0.006665603,0.06413586,0,0,0,0
554,1,554,0.928803376,0.004076958,0.006669658,0.060450008,0,0,0,0
555,1,555,0.925330559,0.003874411,0.006560852,0.064234177,0,0,0,0
556,1,556,0.922560846,0.004828653,0.006234183,0.066376319,0,0,0,0
557,1,557,0.922746299,0.004471637,0.006571644,0.06621042,0,0,0,0
558,1,558,0.925350083,0.003854336,0.007201481,0.0635941,0,0,0,0
559,1,559,0.924052588,0.003056553,0.006702669,0.06618819,0,0,0,0
560,1,560,0.917804721,0.008059625,0.006399231,0.067736423,0,0,0,0
561,1,561,0.917104513,0.008252176,0.007069409,0.067573902,0,0,0,0
562,1,562,0.917031601,0.008057282,0.006643151,0.068267966,0,0,0,0
563,1,563,0.917184723,0.008556879,0.006729743,0.067528656,0,0,0,0
564,1,564,0.92338302,0.004460352,0.006361936,0.065794692,0,0,0,0
565,1,565,0.923238663,0.006465037,0.005791083,0.064505217,0,0,0,0
566,1,566,0.920554802,0.007304773,0.006223886,0.06591654,0,0,0,0
567,1,567,0.92407332,0.004153441,0.006334919,0.06543832,0,0,0,0
568,1,568,0.920483513,0.006648753,0.007418298,0.065449436,0,0,0,0
569,1,569,0.919136092,0.004966158,0.007850983,0.068046767,0,0,0,0
570,1,570,0.923595836,0.004717311,0.00782001,0.063866844,0,0,0,0
571,1,571,0.922693058,0.007961582,0.007576075,0.061769285,0,0,0,0
572,1,572,0.927428933,0.003338812,0.007184433,0.062047822,0,0,0,0
573,1,573,0.923720456,0.005511577,0.007178405,0.063589562,0,0,0,0
574,1,574,0.920784202,0.007596008,0.007010288,0.064609502,0,0,0,0
575,1,575,0.924899556,0.003332379,0.007287621,0.064480444,0,0,0,0
576,1,576,0.921342408,0.006937459,0.007847689,0.063872445,0,0,0,0
577,1,577,0.92285934,0.003161568,0.007520605,0.066458487,0,0,0,0
578,1,578,0.919127143,0.005599757,0.0080585,0.0672146,0,0,0,0
579,1,579,0.919133185,0.005878701,0.007522382,0.067465732,0,0,0,0
580,1,580,0.9208388,0.003359873,0.007663115,0.068138211,0,0,0,0
581,1,581,0.916948879,0.004476321,0.008157901,0.070416898,0,0,0,0
582,1,582,0.915706411,0.004224289,0.007291853,0.072777448,0,0,0,0
583,1,583,0.914872791,0.005443408,0.008144993,0.071538809,0,0,0,0
584,1,584,0.912798484,0.003926729,0.007733214,0.075541573,0,0,0,0
585,1,585,0.910653309,0.005243803,0.007535673,0.076567214,0,0,0,0
586,1,586,0.908916204,0.005658484,0.007066884,0.078358428,0,0,0,0
587,1,587,0.913962265,0.003546977,0.006800384,0.075690374,0,0,0,0
588,1,588,0.914083088,0.004620871,0.006724239,0.074571802,0,0,0,0
589,1,589,0.908939179,0.004739595,0.006318199,0.080003027,0,0,0,0
590,1,590,0.913267051,0.002813773,0.006450823,0.077468353,0,0,0,0
591,1,591,0.911870741,0.005675813,0.006635027,0.075818419,0,0,0,0
592,1,592,0.910130854,0.004270754,0.00634571,0.079252683,0,0,0,0
593,1,593,0.915311669,0.004061376,0.006068866,0.074558088,0,0,0,0
594,1,594,0.914868442,0.005729147,0.006015974,0.073386437,0,0,0,0
595,1,595,0.919555072,0.004678586,0.00620101,0.069565331,0,0,0,0
596,1,596,0.916379794,0.003967878,0.006172162,0.073480166,0,0,0,0
597,1,597,0.915381171,0.006070777,0.005906077,0.072641975,0,0,0,0
598,1,598,0.915600724,0.004047389,0.005451357,0.07490053,0,0,0,0
599,1,599,0.911666362,0.005806182,0.005510846,0.07701661,0,0,0,0
600,1,600,0.915357327,0.006066684,0.005165855,0.073410134,0,0,0,0
601,1,601,0.913807686,0.005050709,0.004539948,0.076601657,0,0,0,0
602,1,602,0.913535881,0.006505623,0.004766933,0.075191563,0,0,0,0
603,1,603,0.916900298,0.005061479,0.004747948,0.073282359,0,0,0,7.91E-06
604,1,604,0.917162564,0.005397505,0.004632757,0.072613491,0,0,0,1.94E-04
605,1,605,0.921235356,0.006552364,0.004603341,0.066142965,0,0,0,1.47E-03
606,1,606,0.924287279,0.004207561,0.004108903,0.062383169,0,0,0,0.005013088
607,1,607,0.92317668,0.00483532,0.003156913,0.057561572,0,0,0,0.011269515
608,1,608,0.913188064,0.003801437,0.003728763,0.056562503,0,0,0,0.022719232
609,1,609,0.885792841,0.003667262,0.002988739,0.063247464,0,0,0,0.044303694
610,1,610,0.837277011,0.009799103,0.003612307,0.073444481,0,0,0,0.075867098
611,1,611,0.784921235,0.00596563,0.00350965,0.089685681,0,0,0,0.115917804
612,1,612,0.746350961,0.0127308,0.005033292,0.100305378,0,0,0,0.135579568
613,1,613,0.744679847,0.00679651,0.007610674,0.104920202,0,0,0,0.135992767
614,1,614,0.74924544,0.007069687,0.01150492,0.11144981,0,0,0,0.120730143
615,1,615,0.748988651,0.006455903,0.012681524,0.111439093,0,0,0,0.12043483
616,1,616,0.748230693,0.005011886,0.0127785,0.109990944,0,0,0,0.123987977
617,1,617,0.760830764,0.002229006,0.014095522,0.115660339,0,0,0,0.107184369
618,1,618,0.762881254,0.002427681,0.014441329,0.114524169,0,0,0,0.105725566
619,1,619,0.758667786,0.008799985,0.014548155,0.119340833,0,0,0,0.098643241
620,1,620,0.773120491,0.009210239,0.013162264,0.118007388,0,0,0,0.086499619
621,1,621,0.773221043,0.008991959,0.011482352,0.118087415,0,0,0,0.088217231
622,1,622,0.789618203,0.012106843,0.006132588,0.10991384,0,0,0,0.082228527
623,1,623,0.808783257,0.010910452,0.005288348,0.101174691,0,0,0,0.073843252
624,1,624,0.81419819,0.010823442,0.013000199,0.091080485,0,0,0,0.070897684
625,1,625,0.825300715,0.011696568,0.018268558,0.077741703,0,0,0,0.066992456
626,1,626,0.82338412,0.010640515,0.018862408,0.073886281,0,0,0,0.073226676
627,1,627,0.801782045,0.01332574,0.012570537,0.079338779,0,0,0,0.0929829
628,1,628,0.763910088,0.014745989,0.003317556,0.09276626,0,0,0,0.125260107
629,1,629,0.715308459,0.018222762,0.009011627,0.103600174,0,0,0,0.153856978
630,1,630,0.684368278,0.018882408,0.009865675,0.124500743,0,0,0,0.162382896
631,1,631,0.656039465,0.017330029,0.009195166,0.137817066,0,0,0,0.179618275
632,1,632,0.631321419,0.017864244,0.008744753,0.151402104,0,0,0,0.190667481
633,1,633,0.616219894,0.016942505,0.006423045,0.165671178,0,0,0,0.194743378
634,1,634,0.615227427,0.014703067,0.004309613,0.185763832,0,0,0,0.179996062
635,1,635,0.599555557,0.015447618,0.003850295,0.184045697,0,0,0,0.197100832
636,1,636,0.595788403,0.014157945,0.002363674,0.196825257,0,0,0,0.190864721
637,1,637,0.594915543,0.00781192,0.002626991,0.196453985,0,0,0,0.198191561
638,1,638,0.593417361,0.004627248,9.13E-04,0.211368673,0,0,0,0.189673742
639,1,639,0.562250916,0.012633492,0.002737042,0.198031534,0,0,0,0.224347017
640,1,640,0.567575294,0.014029679,8.71E-04,0.212173343,0,0,0,0.20535038
641,1,641,0.564612083,0.014824798,8.19E-04,0.204599676,0,0,0,0.215144287
642,1,642,0.568381788,0.014360519,0.001842448,0.201801442,0,0,0,0.213613804
643,1,643,0.56701712,0.014978171,0.001166666,0.201742779,0,0,0,0.215095263
644,1,644,0.574584028,0.015566737,7.20E-04,0.198829331,0,0,0,0.21029949
645,1,645,0.574848596,0.015678216,0.001582175,0.198925949,0,0,0,0.208965064
646,1,646,0.570060846,0.014647095,0.001934642,0.192998394,0,0,0,0.220359023
647,1,647,0.568040797,0.010863834,9.33E-04,0.207819406,0,0,0,0.212342651
648,1,648,0.575881809,0.009869061,0.001228785,0.208514666,0,0,0,0.20450568
649,1,649,0.558177495,0.017379597,0.001739768,0.203187558,0,0,0,0.219515582
650,1,650,0.563269963,0.008832773,5.35E-04,0.228285055,0,0,0,0.199077535
651,1,651,0.556619686,0.013563883,0.001559943,0.23482127,0,0,0,0.193435218
652,1,652,0.557576063,0.001530953,0.001229633,0.227365837,0,0,0,0.212297514
653,1,653,0.551548273,0.00402863,0.001492091,0.25275583,0,0,0,0.190175176
654,1,654,0.536072132,0.016576522,0.001380912,0.257309089,0,0,0,0.188661345
655,1,655,0.527793578,0.020492171,0.001907483,0.259221446,0,0,0,0.190585322
656,1,656,0.523256572,0.021002052,0.001681033,0.245303966,0,0,0,0.208756377
657,1,657,0.528070556,0.014687361,0.002376982,0.277182759,0,0,0,0.177682342
658,1,658,0.52305216,0.010797484,0.004123958,0.25212046,0,0,0,0.209905938
659,1,659,0.512871521,0.016728853,0.002087897,0.269993664,0,0,0,0.198318064
660,1,660,0.518267999,0.005367931,0.002823163,0.27843275,0,0,0,0.195108157
661,1,661,0.516038035,0.010766742,0.001716625,0.271856395,0,0,0,0.199622202
662,1,662,0.525670747,0.003338635,0.002688035,0.265484982,0,0,0,0.202817602
663,1,663,0.515647462,0.017112543,0.009296232,0.252942691,0,0,0,0.205001073
664,1,664,0.545133992,0.00697339,0.007777951,0.240959975,0,0,0,0.199154692
665,1,665,0.557212459,0.002791954,0.008126093,0.236137786,0,0,0,0.195731708
666,1,666,0.556096848,0.004528224,0.013330362,0.227242217,0,0,0,0.198802349
667,1,667,0.570468152,0.004002232,0.013708638,0.226680925,0,0,0,0.185140052
668,1,668,0.568763472,0.00520581,0.01607081,0.228562663,0,0,0,0.181397245
669,1,669,0.579183774,0.006668554,0.019027918,0.224057208,0,0,0,0.171062547
670,1,670,0.582348586,0.008005447,0.028382929,0.201752081,0,0,0,0.179510957
671,1,671,0.581027981,0.008513689,0.033002445,0.20238156,0,0,0,0.175074326
672,1,672,0.578420086,0.01001825,0.04855218,0.191813728,0,0,0,0.171195756
673,1,673,0.58683564,0.012932287,0.057868261,0.184402398,0,0,0,0.157961414
674,1,674,0.588370517,0.013546404,0.071690612,0.179362155,0,0,0,0.147030312
675,1,675,0.589751874,0.01351783,0.067695627,0.188263294,0,0,0,0.140771375
676,1,676,0.598602227,0.013165386,0.066080348,0.191795735,0,0,0,0.130356305
677,1,677,0.586597719,0.015934109,0.070460205,0.19116068,0,0,0,0.135847288
678,1,678,0.570936629,0.017723159,0.079470844,0.178886703,0,0,0,0.152982665
679,1,679,0.567442097,0.016566994,0.090794015,0.178872057,0,0,0,0.146324838
680,1,680,0.556215289,0.018487424,0.106182267,0.173780239,0,0,0,0.145334781
681,1,681,0.546342804,0.019524706,0.113703802,0.175304485,0,0,0,0.145124203
682,1,682,0.527812625,0.022161855,0.116393198,0.169404525,0,0,0,0.164227797
683,1,683,0.51769852,0.023769345,0.130315092,0.168463642,0,0,0,0.159753401
684,1,684,0.512311215,0.024172901,0.12044591,0.172010746,0,0,0,0.171059228
685,1,685,0.488819792,0.031824447,0.120581939,0.168939904,0,0,0,0.189833918
686,1,686,0.483532926,0.025001702,0.090032784,0.195058226,0,0,0,0.206374362