"","t","delta_des","delta_l","delta_f2","delta_f3","delta_obs..1.","delta_obs..2.","delta_obs..3.","delta_wall"
"145667",2,0.761633869131554,0.234103797867875,0.00166613891831601,0.00259619408225585,0,0,0,0
"145668",4,0.612553857471744,0.331724367466882,0.0192540801703414,0.0364676948910324,0,0,0,0
"145669",6,0.618779255771676,0.285447892215026,0.0854596716663368,0.0103131803469613,0,0,0,0
"145670",8,0.489687496621944,0.139445162764563,0.255036801242811,0.115830539370683,0,0,0,0
"145671",10,0.404329691064548,0.0769165601826548,0.28291181035267,0.235841938400127,0,0,0,0
"145672",12,0.489659463837799,0.0684784555096749,0.256786783278728,0.185075297373798,0,0,0,0
"145673",14,0.633904059208815,0.168191211997742,0.103504204920028,0.0944005238734147,0,0,0,0
"145674",16,0.640031281679933,0.0273965970129424,0.075198320885354,0.257373800421771,0,0,0,0
"145675",18,0.609454740374745,0.0613610814514164,0.0865466740646964,0.242637504109142,0,0,0,0
"145676",20,0.641299965186562,0.0136860000690611,0.0176895053969318,0.327324529347446,0,0,0,0
"145677",22,0.636583778426607,0.00687252053313196,0.0206371572811789,0.335906543759082,0,0,0,0
"145678",24,0.596154848219457,0.0404126917418516,0.016916880486374,0.346515579552317,0,0,0,0
"145679",26,0.532622571028373,0.0242438189102735,0.0119019582297234,0.43123165183163,0,0,0,0
"145680",28,0.543121180337763,0.0202343673891113,0.0129183242536978,0.423726128019428,0,0,0,0
"145681",30,0.583267143587869,0.00453677255730871,0.0239732499677117,0.388222833887111,0,0,0,0
"145682",32,0.590499632587798,0.020683297548826,0.0215855977532026,0.367231472110173,0,0,0,0
"145683",34,0.597712271080149,0.000673042890649962,0.01241926355856,0.389195422470641,0,0,0,0
"145684",36,0.643347837934568,0.0101042955013039,0.0161191396999436,0.330428726864185,0,0,0,0
"145685",38,0.700889485192165,0.00898015564184103,0.0171562002776482,0.272974158888346,0,0,0,0
"145686",40,0.675227845564566,0.00358096791634783,0.0501136850056577,0.271077501513428,0,0,0,0
"145687",42,0.721596124274284,0.00743465752563392,0.016471606607906,0.254497611592176,0,0,0,0
"145688",44,0.72803404794129,0.0102209893761158,0.0250920898817459,0.236652872800849,0,0,0,0
"145689",46,0.737923182664051,0.00513927513048378,0.0241060781965731,0.232831464008892,0,0,0,0
"145690",48,0.759257849981488,0.00272899600249305,0.0353288637613856,0.202684290254633,0,0,0,0
"145691",50,0.770285603336205,0.000766859468524913,0.0457583199572641,0.183189217238006,0,0,0,0
"145692",52,0.747951353956335,0.0103860346392464,0.0234270905515762,0.218235520852842,0,0,0,0
"145693",54,0.775981850326957,0.00392824977393954,0.0557001520278409,0.164389747871262,0,0,0,0
"145694",56,0.825757701505782,0.00396301003572265,0.0190492264978826,0.151230061960613,0,0,0,0
"145695",58,0.784618684323208,0.00872522682177341,0.0577673368019138,0.148888752053105,0,0,0,0
"145696",60,0.809973647265928,0.00240085572556695,0.0502828824682066,0.137342614540298,0,0,0,0
"145697",62,0.792390145823698,0.00815679697494007,0.0509360427433272,0.148517014458035,0,0,0,0
"145698",64,0.789143889359555,0.00151497239043773,0.00502277011347913,0.204318368136528,0,0,0,0
"145699",66,0.790431272663251,0.00221247051825218,0.0443004510311385,0.163055805787358,0,0,0,0
"145700",68,0.794199181930173,0.00916241354173448,0.0394996026451828,0.157138801882909,0,0,0,0
"145701",70,0.813020592225099,0.002656843830507,0.00143236295868819,0.182890200985706,0,0,0,0
"145702",72,0.808243430155734,0.00303102001469234,0.0168137219233922,0.171911827906182,0,0,0,0
"145703",74,0.82301358638207,0.0102747908965657,0.0276287076324314,0.139082915088932,0,0,0,0
"145704",76,0.79062378086176,0.00202715337915478,0.0248536096404383,0.182495456118647,0,0,0,0
"145705",78,0.800213957948804,0.00160418053624596,0.0241731965933949,0.174008664921556,0,0,0,0
"145706",80,0.833472895554128,0.00859483497348259,0.0538738252829701,0.10405844418942,0,0,0,0
"145707",82,0.873738704405237,0.00204148073176237,0.0207059204519506,0.10351389441105,0,0,0,0
"145708",84,0.838015193568011,0.00915593962729871,0.0170119357273301,0.13581693107736,0,0,0,0
"145709",86,0.843992057958649,0.00320585457193867,0.0242522548220492,0.128549832647363,0,0,0,0
"145710",88,0.85184763042212,0.00761181392222049,0.00822961930097645,0.132310936354683,0,0,0,0
"145711",90,0.872537840550868,0.00217282351520608,0.0321090518802244,0.093180284053702,0,0,0,0
"145712",92,0.838257267646321,0.00233051625690032,0.0390690693579456,0.120343146738833,0,0,0,0
"145713",94,0.893031270438854,0.00631951915479143,0.0187862104316475,0.0818629999747068,0,0,0,0
"145714",96,0.886118025149427,0.00127680736125198,0.0409306322152285,0.0716745352740925,0,0,0,0
"145715",98,0.873306116493017,0,0.0364530917124577,0.0902407917945249,0,0,0,0
"145716",100,0.866662546207426,0.000328870345745072,0.0404031073087048,0.0926054761381241,0,0,0,0
"145717",102,0.880526475936397,0.00665259243367464,0.0629225243839198,0.0498984072460084,0,0,0,0
"145718",104,0.860587204881075,0.00756533791414817,0.0668648412441852,0.0649826159605918,0,0,0,0
"145719",106,0.854264438527937,0.0125897260235621,0.0599452022108981,0.0732006332376026,0,0,0,0
"145720",108,0.876670710302586,0.00573075901450297,0.0663030762848821,0.0512954543980293,0,0,0,0
"145721",110,0.876880348771257,0.00383039149827021,0.0645044176781189,0.054784842052354,0,0,0,0
"145722",112,0.863734271991814,0.00492277337173993,0.0615771073318727,0.0697658473045735,0,0,0,0
"145723",114,0.886491577382986,0.00477557623598404,0.0568793206718498,0.0518535257091802,0,0,0,0
"145724",116,0.871362925872733,0.00412024467025192,0.0191857553138634,0.105331074143151,0,0,0,0
"145725",118,0.856316131650775,0.00462661596989676,0.0480748017805738,0.0909824505987541,0,0,0,0
"145726",120,0.862689464036181,0.0105392731352658,0.0385477276841146,0.0882235351444383,0,0,0,0
"145727",122,0.900298541583929,0,0.0118275748697866,0.0878738835462847,0,0,0,0
"145728",124,0.850703920285758,0.00219595190380911,0.0111387242501334,0.1359614035603,0,0,0,0
"145729",126,0.871466583443153,0.00264041625361454,0.00612103298559431,0.119771967317639,0,0,0,0
"145730",128,0.872378614880182,0,0.00337855156667745,0.124242833553141,0,0,0,0
"145731",130,0.860013641500606,0.00893465081957488,0.000388553303412567,0.130663154376406,0,0,0,0
"145732",132,0.857516533900217,0,4.30396884989261e-05,0.142440426411284,0,0,0,0
"145733",134,0.867690693037788,0.00218531228408187,0,0.130123994678131,0,0,0,0
"145734",136,0.877434619950204,0.00198654250950286,0,0.120578837540293,0,0,0,0
"145735",138,0.853628165354229,0,0,0.146371834645771,0,0,0,0
"145736",140,0.818036061061572,0.0100660160123144,0,0.171897922926114,0,0,0,0
"145737",142,0.824625216104085,0,0,0.175374783895915,0,0,0,0
"145738",144,0.891261112860755,0.0011510686652197,0,0.107587818474025,0,0,0,0
"145739",146,0.845263572578461,0,0,0.154736427421539,0,0,0,0
"145740",148,0.884622850696716,0.000297431491055577,0,0.115079717812229,0,0,0,0
"145741",150,0.854497608602415,0.0083484461823256,0,0.137153945215259,0,0,0,0
"145742",152,0.844717171252512,0,0,0.155282828747488,0,0,0,0
"145743",154,0.894994169025335,0.00084705237928521,0,0.10415877859538,0,0,0,0
"145744",156,0.868475058584461,0,0,0.131524941415539,0,0,0,0
"145745",158,0.843163996038818,0.002315496520327,0,0.154520507440855,0,0,0,0
"145746",160,0.873953767407857,0.00945968129703716,0,0.116586551295106,0,0,0,0
"145747",162,0.862182097249395,0,0,0.137817902750605,0,0,0,0
"145748",164,0.847224104268445,0.0013616340013855,0,0.15141426173017,0,0,0,0
"145749",166,0.851774011769687,0.00126562946701189,0,0.146960358763301,0,0,0,0
"145750",168,0.862682155527994,0.00166188344450546,0,0.1356559610275,0,0,0,0
"145751",170,0.886211063884127,0.00098643356999671,0,0.112802502545876,0,0,0,0
"145752",172,0.867766287539896,0.00753563285470708,0,0.124698079605397,0,0,0,0
"145753",174,0.880996826410169,0.000649288936446029,0,0.118353884653385,0,0,0,0
"145754",176,0.894886223876145,0.00144051714347143,0,0.103673258980383,0,0,0,0
"145755",178,0.860659664255145,0.00049159292797519,0,0.13884874281688,0,0,0,0
"145756",180,0.853793997890214,0,0,0.146206002109786,0,0,0,0
"145757",182,0.850461731407964,0.00833470310488908,0,0.141203565487147,0,0,0,0
"145758",184,0.901060847723502,0.000107681656863155,0,0.0988314706196353,0,0,0,0
"145759",186,0.88542324159782,0,0,0.11457675840218,0,0,0,0
"145760",188,0.885822322421181,0.000587070384809596,0,0.11359060719401,0,0,0,0
"145761",190,0.892471643367193,0,0,0.107528356632807,0,0,0,0
"145762",192,0.86513465903581,0.00850975696390184,0,0.126355584000288,0,0,0,0
"145763",194,0.864967103015184,0.00063392737271033,0,0.134398969612106,0,0,0,0
"145764",196,0.891018710319931,0,0,0.108981289680069,0,0,0,0
"145765",198,0.899624218626417,0.00716205265583339,0,0.0932137287177496,0,0,0,0
"145766",200,0.879440173349746,0,0,0.120559826650254,0,0,0,0
"145767",202,0.859915795746346,0.000572993437196659,0,0.139511210816457,0,0,0,0
"145768",204,0.911353067055147,5.55707309618083e-05,0,0.088591362213891,0,0,0,0
"145769",206,0.878075981060374,0,0,0.121924018939626,0,0,0,0
"145770",208,0.894197005144286,0.00828782779448053,0,0.0975151670612336,0,0,0,0
"145771",210,0.881690654634411,0,0,0.118309345365589,0,0,0,0
"145772",212,0.880603122314189,0.000579731157939395,0,0.118817146527872,0,0,0,0
"145773",214,0.865631282416493,0.000657379712210304,0,0.133711337871296,0,0,0,0
"145774",216,0.855030449579584,0,0,0.144969550420416,0,0,0,0
"145775",218,0.87545119633371,0.0081994209808477,0,0.116349382685442,0,0,0,0
"145776",220,0.87058951067348,0,0,0.12941048932652,0,0,0,0
"145777",222,0.87403246559482,0.00379623722288246,0,0.122171297182298,0,0,0,0
"145778",224,0.873615495181766,0,0,0.126384504818234,0,0,0,0
"145779",226,0.890206176349876,0.00818679437404305,0,0.101607029276081,0,0,0,0
"145780",228,0.861422936797819,0.0157096734094192,0,0.122867389792762,0,0,0,0
"145781",230,0.859649409675795,0.00667507756430819,0,0.133675512759896,0,0,0,0
"145782",232,0.856395472931079,0,0,0.143604527068921,0,0,0,0
"145783",234,0.859581669024454,0.0145313527828173,0,0.125886978192729,0,0,0,0
"145784",236,0.879775707271891,0.00512407430607348,0,0.115100218422036,0,0,0,0
"145785",238,0.886186335270562,0,0,0.113813664729438,0,0,0,0
"145786",240,0.880205380558352,0.0115634064796381,0,0.108231212962009,0,0,0,0
"145787",242,0.885076481612482,0.00462593968827414,0,0.110297578699244,0,0,0,0
"145788",244,0.906694363423942,0,0,0.0933056365760578,0,0,0,0
"145789",246,0.915761360165472,0.0126445249737476,0,0.0715941148607802,0,0,0,0
"145790",248,0.884482758115629,0,0,0.115517241884371,0,0,0,0
"145791",250,0.87358293743074,0.010689544459102,0,0.115727518110158,0,0,0,0
"145792",252,0.886234890434333,0.0125572284028924,0,0.101207881162774,0,0,0,0
"145793",254,0.911123951418445,0,0,0.088876048581555,0,0,0,0
"145794",256,0.882276007432982,0.00338390121458023,0,0.114340091352438,0,0,0,0
"145795",258,0.866603275740597,0.0120762788391126,0,0.121320445420291,0,0,0,0
"145796",260,0.899401672634007,0,0,0.100598327365993,0,0,0,0
"145797",262,0.884713131529464,0.00951994609859472,0,0.105766922371941,0,0,0,0
"145798",264,0.884381530355213,0,0,0.115618469644787,0,0,0,0
"145799",266,0.904879052686744,0.00255409687398871,0,0.0925668504392678,0,0,0,0
"145800",268,0.892174621951598,0.0120610951506679,0,0.0957642828977336,0,0,0,0
"145801",270,0.874237975425694,0.00655586371369883,0,0.119206160860607,0,0,0,0
"145802",272,0.844067248286449,0.00555793955298263,0,0.150374812160569,0,0,0,0
"145803",274,0.850996656688178,0.00926688457392798,0,0.139736458737894,0,0,0,0
"145804",276,0.907893717178032,0,0,0.0921062828219682,0,0,0,0
"145805",278,0.874798549061271,0.0114037504027084,0,0.11379770053602,0,0,0,0
"145806",280,0.896012338288898,0,0,0.103987661711102,0,0,0,0
"145807",282,0.888129151019141,0.00805949631541151,0,0.103811352665448,0,0,0,0
"145808",284,0.901977732160488,0.0100691370923621,0,0.0879531307471495,0,0,0,0
"145809",286,0.9160819825256,0,0,0.0839180174744003,0,0,0,0
"145810",288,0.876024926265467,0.00160074832460195,0,0.122374325409931,0,0,0,0
"145811",290,0.882390485709862,0.010551569919336,0,0.107057944370802,0,0,0,0
"145812",292,0.863626720449264,0,0,0.136373279550736,0,0,0,0
"145813",294,0.939250681057469,0.00519243469447853,0,0.0555568842480521,0,0,0,0
"145814",296,0.933081243075912,0.00723096657169544,0,0.0596877903523922,0,0,0,0
"145815",298,0.833726024623349,0.00383095067365264,0,0.162443024702999,0,0,0,0
"145816",300,0.820329670612104,0.0167873013945118,0,0.162883027993384,0,0,0,0
"145817",302,0.85675899482591,0.0181859519456591,0,0.125055053228431,0,0,0,0
"145818",304,0.874924821098162,0.00241620748390894,0,0.122658971417929,0,0,0,0
"145819",306,0.83540655727882,0.00651473713602848,0,0.158078705585152,0,0,0,0
"145820",308,0.881326480181423,0.012510351758748,0,0.106163168059829,0,0,0,0
"145821",310,0.879468015731127,0.00603658951956322,0,0.114495394749309,0,0,0,0
"145822",312,0.832782782059366,0.0147429769935897,0,0.152474240947045,0,0,0,0
"145823",314,0.832397718416349,0.00928411061064635,0,0.158318170973005,0,0,0,0
"145824",316,0.887378195189724,0.00173706909242221,0,0.110884735717854,0,0,0,0
"145825",318,0.892054928003504,0.0129231837074953,0,0.0950218882890007,0,0,0,0
"145826",320,0.901354863660943,0.00107366586837892,0,0.0975714704706785,0,0,0,0
"145827",322,0.865797081217081,0.0131946695791001,0,0.121008249203819,0,0,0,0
"145828",324,0.866939286709703,0.000137604136368133,0,0.132923109153929,0,0,0,0
"145829",326,0.882579600381178,0.00888633043246151,0,0.108534069186361,0,0,0,0
"145830",328,0.85882699622955,0.0107384654510331,0,0.130434538319417,0,0,0,0
"145831",330,0.900784463193624,0.00034750211397351,0,0.0988680346924023,0,0,0,0
"145832",332,0.835750022183716,0.0118867102814833,0,0.1523632675348,0,0,0,0
"145833",334,0.876558239711884,0.000146481336725322,0,0.123295278951391,0,0,0,0
"145834",336,0.845639106214393,0.00785100757723804,0,0.146509886208369,0,0,0,0
"145835",338,0.861434014276545,0.0115975859453468,0,0.126968399778108,0,0,0,0
"145836",340,0.870070319684789,2.49732785301522e-05,0,0.12990470703668,0,0,0,0
"145837",342,0.88238337564441,0.0107964736968796,0,0.106820150658711,0,0,0,0
"145838",344,0.897207982075696,0.00706990540631307,0,0.0957221125179906,0,0,0,0
"145839",346,0.892974768063576,8.07985434323969e-05,0,0.106944433392991,0,0,0,0
"145840",348,0.862287568986824,0.0100312186875897,0,0.127681212325587,0,0,0,0
"145841",350,0.887859532401158,8.14221065815715e-05,0,0.11205904549226,0,0,0,0
"145842",352,0.859723862168419,0.00639762948687507,0,0.133878508344706,0,0,0,0
"145843",354,0.913641655845498,0.00183319843494841,0,0.0845251457195535,0,0,0,0
"145844",356,0.906547764114168,0.00741932131392292,0,0.0860329145719088,0,0,0,0
"145845",358,0.877398609919063,0.00156614849036873,0,0.121035241590568,0,0,0,0
"145846",360,0.87799596180021,3.93271442929011e-05,0,0.121964711055497,0,0,0,0
"145847",362,0.877695623991132,0.00528501465246676,0,0.117019361356401,0,0,0,0
"145848",364,0.883968715228695,0.00885050612059881,0,0.107180778650706,0,0,0,0
"145849",366,0.923220395075262,0.000197495411488834,0,0.0765821095132495,0,0,0,0
"145850",368,0.854036231846328,0.0095557595484044,0,0.136408008605268,0,0,0,0
"145851",370,0.901730891994469,0.00020917832165589,0,0.0980599296838749,0,0,0,0
"145852",372,0.871602138653832,0.0060740380206901,0,0.122323823325478,0,0,0,0
"145853",374,0.897543996860167,0.0096984970837597,0,0.0927575060560735,0,0,0,0
"145854",376,0.900946682835388,1.42469820614982e-06,0,0.0990518924664056,0,0,0,0
"145855",378,0.865457112565608,0.00844708650317847,0,0.126095800931214,0,0,0,0
"145856",380,0.872849682962004,1.48736866524441e-05,0,0.127135443351343,0,0,0,0
"145857",382,0.869711626177883,0.0198060535618662,0,0.11048232026025,0,0,0,0
"145858",384,0.869275459261214,0.00775050573047074,0,0.122974035008315,0,0,0,0
"145859",386,0.927163317661288,1.58616537524338e-05,0,0.0728208206849596,0,0,0,0
"145860",388,0.898042139456106,0.00503861832161938,0,0.0969192422222745,0,0,0,0
"145861",390,0.885597595092925,0.00860584362750016,0,0.105796561279575,0,0,0,0
"145862",392,0.897125900730648,0.00710143820891771,0,0.0957726610604344,0,0,0,0
"145863",394,0.893129991461269,0.00222176557530912,0,0.104648242963421,0,0,0,0
"145864",396,0.904429496802416,0.00358082300518346,0,0.0919896801924003,0,0,0,0
"145865",398,0.934925852715349,0.00335305306880991,0,0.0617210942158408,0,0,0,0
"145866",400,0.906532263189254,0.00694474745599912,0,0.0865229893547464,0,0,0,0
"145867",402,0.898632134199445,0,0,0.101367865800555,0,0,0,0
"145868",404,0.886807429521795,0.00686983225256391,0,0.106322738225641,0,0,0,0
"145869",406,0.909234845505956,0.00352856228927892,0,0.0872365922047656,0,0,0,0
"145870",408,0.889289342282203,0,0,0.110710657717797,0,0,0,0
"145871",410,0.893043133313592,0.00741344225949664,0,0.0995434244269117,0,0,0,0
"145872",412,0.901536772440937,0,0,0.0984632275590632,0,0,0,0
"145873",414,0.906967705862862,0.000758772661495869,0,0.0922735214756419,0,0,0,0
"145874",416,0.913172543018061,1.41578917641849e-05,0,0.0868132990901752,0,0,0,0
"145875",418,0.855124164580153,0.0073581253157327,0,0.137517710104114,0,0,0,0
"145876",420,0.875000354696577,0.017833870465435,0,0.107165774837988,0,0,0,0
"145877",422,0.866812530097375,0.0136210814062663,0,0.119566388496359,0,0,0,0
"145878",424,0.83793489747585,0.0206146687089758,0,0.141450433815174,0,0,0,0
"145879",426,0.845844529743699,0.0128740638545402,0,0.141281406401761,0,0,0,0
"145880",428,0.860320698327497,0.0210982330711808,0,0.118581068601322,0,0,0,0
"145881",430,0.875192468025587,0.0128596729281203,0,0.111947859046292,0,0,0,0
"145882",432,0.903418584288599,0,0,0.0965814157114007,0,0,0,0
"145883",434,0.851068196824643,0.0197292598706905,0,0.129202543304667,0,0,0,0
"145884",436,0.88549662115406,0.0119485692621203,0,0.102554809583819,0,0,0,0
"145885",438,0.917513546060658,1.91834525338179e-05,0,0.0824672704868079,0,0,0,0
"145886",440,0.897816253168006,0.0215337985263621,0,0.0806499483056317,0,0,0,0
"145887",442,0.886981650697724,0.0118924942783243,0,0.101125855023952,0,0,0,0
"145888",444,0.898897597863605,0.000153274498797707,0,0.100949127637597,0,0,0,0
"145889",446,0.88645267916864,0.0229367880003431,0,0.0906105328310171,0,0,0,0
"145890",448,0.8715311103602,0.0102325532259303,0,0.11823633641387,0,0,0,0
"145891",450,0.922878464693589,0.000576350772155534,0,0.0765451845342556,0,0,0,0
"145892",452,0.872297327942959,0.0225492664413043,0,0.105153405615737,0,0,0,0
"145893",454,0.90074338082765,0.0209040192057183,0,0.0783525999666312,0,0,0,0
"145894",456,0.900654015797392,0.000627250768918884,0,0.0987187334336896,0,0,0,0
"145895",458,0.891411631791219,0.00875598702740645,0,0.0998323811813747,0,0,0,0
"145896",460,0.892065586899748,0.0219159874041737,0,0.0860184256960784,0,0,0,0
"145897",462,0.912211749167802,0.00203515069840232,0,0.0857531001337953,0,0,0,0
"145898",464,0.936965627914268,0.0188660005800348,0,0.0441683715056976,0,0,0,0
"145899",466,0.896031948616199,0.00626871901709603,0,0.0976993323667045,0,0,0,0
"145900",468,0.960547212530708,0.00413072371143543,0,0.0353220637578568,0,0,0,0
"145901",470,0.910659217229208,0.0142981634740721,0,0.0750426192967204,0,0,0,0
"145902",472,0.901019541678386,0.0112386057630181,0,0.0877418525585958,0,0,0,0
"145903",474,0.885889090251168,0.00745836377849807,0,0.106652545970334,0,0,0,0
"145904",476,0.965026455247683,0.00946006342672224,0,0.0255134813255947,0,0,0,0
"145905",478,0.939253584622197,0.0138489135655614,0,0.0468975018122416,0,0,0,0
"145906",480,0.941652467913652,0.0167086492618432,0,0.0416365648824342,0,0,0,2.31794207048186e-06
"145907",482,0.9417696319123,0.0171217566603097,0,0.0400290012634135,0,0,0,0.00107961016397643
"145908",484,0.919077685057138,0.00358315008859932,0,0.0738066881282486,0,0,0,0.0035324767260143
"145909",486,0.9147658559501,0.0114136428786399,0,0.0611895933383905,0,0,0,0.01263090783287
"145910",488,0.942141114835012,0.00848556689866424,0,0.0173548026460624,0,0,0,0.0320185156202618
"145911",490,0.932293767099955,0.00960232405507092,0,0.0264183777117619,0,0,0,0.031685531133212
"145912",492,0.917713317531158,0.0135501507528115,0,0.0154079597383386,0,0,0,0.0533285719776919
"145913",494,0.86899497869155,0.00988244714120994,0,0.0275408385302461,0,0,0,0.0935817356369937
"145914",496,0.839395420589785,0.0304853543956927,0,0.0322382339323658,0,0,0,0.0978809910821561
"145915",498,0.814065774417826,0.0188514147697128,0,0.0251328011921566,0,0,0,0.141950009620305
"145916",500,0.814193136365388,0.0228330411042642,0,0.0342973224154942,0,0,0,0.128676500114854
"145917",502,0.774253042985832,0.0295739247662453,0,0.0455613092531467,0,0,0,0.150611722994776
"145918",504,0.746982097399021,0.0322294273586116,0,0.0595289507678501,0,0,0,0.161259524474517
"145919",506,0.732437123737343,0.0200708703655344,0,0.0581177192528807,0,0,0,0.189374286644242
"145920",508,0.721991665739955,0.0334851324799313,0,0.0471228675496433,0,0,0,0.19740033423047
"145921",510,0.68211448057558,0.0339541962494867,0,0.0475737796837503,0,0,0,0.236357543491183
"145922",512,0.689987856725974,0.0373200728071735,0,0.0592232199307206,0,0,0,0.213468850536132
"145923",514,0.71443613728397,0.072131569898311,0,0.0300529847761171,0,0,0,0.183379308041602
"145924",516,0.672575661510292,0.05538491751285,0,0.0442392711527747,0,0,0,0.227800149824083
"145925",518,0.699817932822632,0.090921895951426,0,0.021358779179899,0,0,0,0.187901392046043
"145926",520,0.637240226529401,0.0897065723634998,0,0.0338592734443966,0,0,0,0.239193927662703
"145927",522,0.628686954835253,0.104111371798141,0,0.0299461186891263,0,0,0,0.23725555467748
"145928",524,0.576506873554836,0.13653269583899,0,0.0320481176244749,0,0,0,0.254912312981699
"145929",526,0.53740755952384,0.114192965421384,0,0.0503787264900777,0,0,0,0.298020748564698
"145930",528,0.47855642644181,0.124694697197947,0,0.0755519302427939,0,0,0,0.321196946117449
"145931",530,0.413363301656196,0.0440328738382351,0,0.15771892184441,0,0,0,0.384884902661158
"145932",532,0.301484371382585,0.51643813964745,0,0.105729263720303,0,0,0,0.0763482252496625
"145933",534,0.344338276276058,0.0153894973685736,0,0.127498291185197,0,0,0,0.512773935170171
"145934",536,0.416701342672794,0.0332198012806082,0,0.233423472831189,0,0,0,0.316655383215408
"145935",538,0.387196980548576,0.0419998653080178,0,0.31301413731768,0,0,0,0.257789016825726
"145936",540,0.360710087990496,0.0064418988667996,0,0.29472291146639,0,0,0,0.338125101676314
"145937",542,0.363271332190659,0.146154535459602,0,0.348569077913345,0,0,0,0.142005054436394
"145938",544,0.290714661057719,0.0516604878136605,0,0.253571184034956,0,0,0,0.404053667093664
"145939",546,0.358479726657553,0.253789533435172,0,0.315839213582927,0,0,0,0.0718915263243481
"145940",548,0.259291868832608,0.0407503227052913,0,0.243996828672292,0,0,0,0.455960979789809
"145941",550,0.324688831068945,0.0348324894197593,0,0.399726151563401,0,0,0,0.240752527947895
"145942",552,0.328934542651017,0.0272697284339096,0,0.408366001517245,0,0,0,0.235429727397828
"145943",554,0.336050754277752,0.0251821283794252,0.00284577931043809,0.425627626267658,0,0,0,0.210293711764727
"145944",556,0.3451213368001,0.038356957043154,0.00531639251431397,0.43816729210084,0,0,0,0.173038021541592
"145945",558,0.286070996758785,0.040444511940177,0.00485333150498087,0.370178018005276,0,0,0,0.298453141790781
"145946",560,0.358033072653207,0.0604798489500517,0.05057214503917,0.381547132128781,0,0,0,0.14936780122879
"145947",562,0.269551768787662,0.0520635867211683,0.0212179408063209,0.355794475095471,0,0,0,0.301372228589378
"145948",564,0.347347453911421,0.0108170149853816,0.068589402058313,0.408731152213137,0,0,0,0.164514976831747
"145949",566,0.373587003574649,0.031755723394139,0.0953607088888767,0.36343303760041,0,0,0,0.135863526541926
"145950",568,0.272190962120923,0.0638626732532774,0.0427410888617914,0.343391619457603,0,0,0,0.277813656306406
"145951",570,0.315216638668802,0.0185772207077969,0.147798000538101,0.348379558358727,0,0,0,0.170028581726573
"145952",572,0.293039036534487,0.0468940084527043,0.092975304746921,0.373324865851686,0,0,0,0.193766784414202
"145953",574,0.362836321365064,0.00195939875318562,0.19097873149433,0.2943692778836,0,0,0,0.149856270503821
"145954",576,0.45338002476384,0.015314811818176,0.1545446333499,0.20696991284861,0,0,0,0.169790617219473
"145955",578,0.389285305174192,0.0412699530691546,0.0996428312798248,0.307723882649026,0,0,0,0.162078027827802
"145956",580,0.531687998400892,0.0353060926698228,0.0961958094570341,0.202588686488184,0,0,0,0.134221412984068
"145957",582,0.443363194073633,0.0301423524872473,0.0845678349099978,0.338945473987417,0,0,0,0.102981144541705
"145958",584,0.563473631953453,0.0266159039180302,0.097346381815333,0.22976321746463,0,0,0,0.0828008648485538
"145959",586,0.666537363050095,0.0369406234817663,0.0817076945680522,0.110721602830844,0,0,0,0.104092716069242
"145960",588,0.657703128067983,0.0104735336459614,0.115429498864081,0.0764340874187026,0,0,0,0.139959752003272
"145961",590,0.717798241299898,0.00726031768595298,0.0789478096766685,0.0647116960237347,0,0,0,0.131281935313746
"145962",592,0.456160589486007,0.00192489093863197,0.0183779447070619,0.43297782530206,0,0,0,0.0905587495662396
"145963",594,0.753000494368553,0.00317201766388466,0.00439822324631354,0.186303337856304,0,0,0,0.0531259268649453
"145964",596,0.465850897955586,0.0371097985574083,0,0.444160658191059,0,0,0,0.0528786452959467
"145965",598,0.444092949483061,0.0469134034559286,0,0.43999636150603,0,0,0,0.0689972855549804
"145966",600,0.520858542112109,0.0582888737556793,0,0.349719798841971,0,0,0,0.0711327852902409
"145967",602,0.589737318006805,0.146062567905244,0,0.130783777054851,0,0,0,0.1334163370331
"145968",604,0.420595147291238,0.16245615505387,0,0.299059090362205,0,0,0,0.117889607292688
"145969",606,0.680469475316978,0.026224076076402,0,0.0619491642683948,0,0,0,0.231357284338225
"145970",608,0.658973299753521,0.0808012047260327,0,0.0423336615275877,0,0,0,0.217891833992859
"145971",610,0.623730957997193,0.144363164603273,0,0.0156975189342888,0,0,0,0.216208358465246
"145972",612,0.630617846055522,0.135519821699857,0,0.0227817037405101,0,0,0,0.211080628504111
"145973",614,0.686995025650002,0.0838261050645856,0,0.0272106081355066,0,0,0,0.201968261149906
"145974",616,0.70708058605219,0.117922342355467,0,0.00854203898995327,0,0,0,0.166455032602389
"145975",618,0.72245528341559,0.109782900404654,0,0.00836052002505463,0,0,0,0.159401296154701
"145976",620,0.681972946175964,0.127673828707728,0,0.0169003532754571,0,0,0,0.173452871840851
"145977",622,0.725826222215239,0.123776883886658,0,0.0260413964927472,0,0,0,0.124355497405355
"145978",624,0.760477863929145,0.105481276690195,0,0.0123089072901744,0,0,0,0.121731952090486
"145979",626,0.783560739694737,0.113586118439285,0,0.01787010440748,0,0,0,0.0849830374584975
"145980",628,0.798570899843986,0.120984858892903,0,0.0173403313920885,0,0,0,0.0631039098710223
"145981",630,0.837853984892169,0.0838741640278753,0,0.0125842822819409,0,0,0,0.0656875687980145
"145982",632,0.83472552270447,0.0904145811304642,0,0.0221218168052701,0,0,0,0.0527380793597954
"145983",634,0.832878069039008,0.121093670573346,0,0.0192611075760431,0,0,0,0.026767152811603
"145984",636,0.861575176529777,0.0963751730617971,0,0.0139466469041881,0,0,0,0.0281030035042383
"145985",638,0.875896573870796,0.102893190205673,0,0.00585970125415535,0,0,0,0.0153505346693758
"145986",640,0.904144433240067,0.0608884696123325,0,0.00935483071003935,0,0,0,0.0256122664375614
"145987",642,0.882415122307863,0.0914174774440732,0,0.0219691159324705,0,0,0,0.0041982843155936
"145988",644,0.904455676263781,0.0789101573465421,0,0.0152416053214775,0,0,0,0.00139256106819988
"145989",646,0.91951869719788,0.0677506469724237,0,0.0124745641799625,0,0,0,0.000256091649734039
"145990",648,0.926484041015549,0.0549522492985327,0,0.0185637096859182,0,0,0,0
"145991",650,0.926975947912091,0.0465204903648422,0,0.0265035617230669,0,0,0,0
"145992",652,0.925049706431354,0.0508371228219892,0,0.024113170746657,0,0,0,0
"145993",654,0.8980098083797,0.0522506061135969,0,0.0497395855067033,0,0,0,0
"145994",656,0.928325229215062,0.0348381016169877,0,0.0368366691679502,0,0,0,0
"145995",658,0.906056159021325,0.0533524418016786,0,0.0405913991769961,0,0,0,0
"145996",660,0.903969716374118,0.0493084280496431,0,0.0467218555762388,0,0,0,0
"145997",662,0.919525701062511,0.0422146823809439,0,0.0382596165565454,0,0,0,0
"145998",664,0.895109883868974,0.0447595512717107,0,0.0601305648593151,0,0,0,0
"145999",666,0.877686696051402,0.0351643706831486,0,0.0871489332654491,0,0,0,0
"146000",668,0.873948793521791,0.0496078476087402,0,0.0764433588694692,0,0,0,0
"146001",670,0.853721503764173,0.0442690478880514,0,0.102009448347776,0,0,0,0
"146002",672,0.857543318613884,0.0140271516215473,0,0.128429529764568,0,0,0,0
"146003",674,0.788734259781705,0.0493383772142724,0,0.161927363004023,0,0,0,0
"146004",676,0.800274723755962,0.056871576665982,0,0.142853699578056,0,0,0,0
"146005",678,0.822944237584479,0.00651798980079753,0,0.170537772614723,0,0,0,0
"146006",680,0.772745963785963,0.022578053648545,0,0.204675982565492,0,0,0,0
"146007",682,0.729451288428457,0.0462091675594713,0,0.224339544012072,0,0,0,0
"146008",684,0.715011436141817,0.034899392989217,0,0.250089170868966,0,0,0,0
"146009",686,0.698825818654894,0.0367082352631789,0,0.264465946081927,0,0,0,0
"146010",688,0.691561132216123,0.0206136258003779,0,0.287825241983499,0,0,0,0
"146011",690,0.658638686151707,0.00161314107056849,0,0.339748172777725,0,0,0,0
"146012",692,0.659695235599771,0.018223388054754,0,0.322081376345475,0,0,0,0
"146013",694,0.630595317373435,0.0181164436499702,0,0.351288238976595,0,0,0,0
"146014",696,0.639422318499292,0.016922157267646,0,0.343655524233062,0,0,0,0
"146015",698,0.642375104440771,0.0176970909700764,0,0.339927804589153,0,0,0,0
"146016",700,0.648957361424841,0,0,0.351042638575159,0,0,0,0
"146017",702,0.633346383136366,0.0153511786821408,0,0.351302438181493,0,0,0,0
"146018",704,0.628405902839704,0.00426536134218165,0,0.367328735818114,0,0,0,0
"146019",706,0.597974519528419,0.0149847633541639,0,0.387040717117417,0,0,0,0
"146020",708,0.66642811378885,0,0,0.33357188621115,0,0,0,0
"146021",710,0.65444681940748,0.0142448856801795,0,0.331308294912341,0,0,0,0
"146022",712,0.691640703461876,0,0,0.308359296538124,0,0,0,0
"146023",714,0.65701530226307,0.0182724885269938,0,0.324712209209936,0,0,0,0
"146024",716,0.700389494598188,0,0,0.299610505401812,0,0,0,0
"146025",718,0.68621086046769,0.0138083012175794,0,0.299980838314731,0,0,0,0
"146026",720,0.702186609665105,0.0155244953742752,0,0.28228889496062,0,0,0,0
"146027",722,0.752485629083404,0,0,0.247514370916596,0,0,0,0
"146028",724,0.7358908969971,0.00992907352960751,0,0.254180029473292,0,0,0,0
"146029",726,0.756399397508643,0,0,0.243600602491357,0,0,0,0
"146030",728,0.71074362496014,0.0100229912862117,0,0.279233383753648,0,0,0,0
"146031",730,0.734890180162336,0.0135568761715659,0,0.251552943666098,0,0,0,0
"146032",732,0.752721238300881,0.000821280727879522,0,0.246457480971239,0,0,0,0
"146033",734,0.742491192706583,0.00868782696387368,0,0.248820980329543,0,0,0,0
"146034",736,0.755707896994479,0,0,0.244292103005521,0,0,0,0
"146035",738,0.758861242481207,0.0124687524732959,0,0.228670005045497,0,0,0,0
"146036",740,0.794280022839074,0.00617695442184402,0,0.199543022739083,0,0,0,0
"146037",742,0.804955044230141,0,0,0.195044955769859,0,0,0,0
"146038",744,0.773159659555045,0.0116953175688255,0,0.21514502287613,0,0,0,0
"146039",746,0.797036209776043,0,0,0.202963790223957,0,0,0,0
"146040",748,0.769988672307537,0.0111823690994049,0,0.218828958593058,0,0,0,0
"146041",750,0.802512982923399,0.00523813700470747,0,0.192248880071894,0,0,0,0
"146042",752,0.796030316842775,0,0,0.203969683157225,0,0,0,0
"146043",754,0.797483125095409,0.0100640914689354,0,0.192452783435656,0,0,0,0
"146044",756,0.789641642417093,0,0,0.210358357582907,0,0,0,0
"146045",758,0.80868607606522,0.00884589405562091,0,0.182468029879159,0,0,0,0
"146046",760,0.824816902096102,0,0,0.175183097903898,0,0,0,0
"146047",762,0.804898574223343,0.00390748107221011,0,0.191193944704446,0,0,0,0
"146048",764,0.841976752735237,0.00770697610973507,0,0.150316271155028,0,0,0,0
"146049",766,0.8365599873544,0,0,0.163440012645601,0,0,0,0
"146050",768,0.805793235869322,0.00815796343936554,0,0.186048800691312,0,0,0,0
"146051",770,0.831438833277771,0.000276160093862005,0,0.168285006628367,0,0,0,0
"146052",772,0.832670468194269,0.00347650306614546,0,0.163853028739585,0,0,0,0
"146053",774,0.816441103354745,0.0075813466419077,0,0.175977550003347,0,0,0,0
"146054",776,0.824876432836931,0.000326638993244914,0,0.174796928169824,0,0,0,0
"146055",778,0.830882425600227,0.00767595263498697,0,0.161441621764786,0,0,0,0
"146056",780,0.817180873141059,0,0,0.182819126858941,0,0,0,0
"146057",782,0.80800893368364,0.00730230529933034,0,0.184688761017029,0,0,0,0
"146058",784,0.823794569860056,0.00706140862583336,0,0.169144021514111,0,0,0,0
"146059",786,0.827760257981375,0,0,0.172239742018625,0,0,0,0
"146060",788,0.83471132710279,0.00722378308501582,0,0.158064889812194,0,0,0,0
"146061",790,0.86276246929177,0,0,0.13723753070823,0,0,0,0
"146062",792,0.848819598985993,0.0014279779968928,0,0.149752423017114,0,0,0,0
"146063",794,0.836173641145291,0.00580881203912914,0,0.15801754681558,0,0,0,0
"146064",796,0.855475388502742,0,0,0.144524611497258,0,0,0,0
"146065",798,0.883984684027949,0.00479617933233664,0,0.111219136639714,0,0,0,0
"146066",800,0.876893536315574,0,0,0.123106463684426,0,0,0,0
"146067",802,0.88988552353454,0.000236519142351968,0,0.109877957323108,0,0,0,0
"146068",804,0.86433281792696,0.00470542401061047,0,0.130961758062429,0,0,0,0
"146069",806,0.888878204556413,0.00481945484883146,0,0.106302340594756,0,0,0,0
"146070",808,0.885845671847211,0.000103096892727252,0,0.114051231260062,0,0,0,0
"146071",810,0.870709424652636,0,0,0.129290575347364,0,0,0,0
"146072",812,0.864548552828871,0.00469421625436965,0,0.13075723091676,0,0,0,0
"146073",814,0.87632083917507,0,0,0.12367916082493,0,0,0,0
"146074",816,0.847676388161036,0.00555836814305243,0,0.146765243695912,0,0,0,0
"146075",818,0.877208593574123,0.00452889240364792,0,0.11826251402223,0,0,0,0
"146076",820,0.90779210424928,0,0,0.0922078957507199,0,0,0,0
"146077",822,0.867279537565651,0.0046012120409737,0,0.128119250393376,0,0,0,0
"146078",824,0.911368219248011,0,0,0.0886317807519895,0,0,0,0
"146079",826,0.895877109750687,0.0036665143029814,0,0.100456375946331,0,0,0,0
"146080",828,0.904662361960911,0.00448550346015327,0,0.0908521345789356,0,0,0,0
"146081",830,0.89803861600832,0,0,0.10196138399168,0,0,0,0
"146082",832,0.915187701248968,0.00249754084085342,0,0.0823147579101785,0,0,0,0
"146083",834,0.874079042273705,0,0,0.125920957726295,0,0,0,0
"146084",836,0.925710713137973,0.00176207915839396,0,0.0725272077036331,0,0,0,0
"146085",838,0.929504272637033,0.00283667047293215,0,0.0676590568900349,0,0,0,0
"146086",840,0.908147530917656,0,0,0.0918524690823444,0,0,0,0
"146087",842,0.91155329454802,0.00342457618706531,0,0.0850221292649147,0,0,0,0
"146088",844,0.9134774898636,0,0,0.0865225101364,0,0,0,0
"146089",846,0.877358858211994,0.00424582157760299,0,0.118395320210403,0,0,0,0
"146090",848,0.887120541624083,0.00404909402804715,0,0.108830364347869,0,0,0,0
"146091",850,0.924828447201021,0,0,0.0751715527989788,0,0,0,0
"146092",852,0.890001975072825,0.00409802547950233,0,0.105899999447673,0,0,0,0
"146093",854,0.922410881060805,0,0,0.0775891189391955,0,0,0,0
"146094",856,0.938848295242737,0.00156464565069656,0,0.0595870591065662,0,0,0,0
"146095",858,0.925910166849051,0.00142659748885787,0,0.0726632356620909,0,0,0,0
"146096",860,0.9308157468774,0,0,0.0691842531225997,0,0,0,0
"146097",862,0.934508798685024,0.00239140942454834,0,0.0630997918904279,0,0,0,0
"146098",864,0.932952266754469,0,0,0.0670477332455314,0,0,0,0
"146099",866,0.932679312595024,0.00235253779718275,0,0.0649681496077936,0,0,0,0
"146100",868,0.914598609487916,0.00224967633551945,0,0.0831517141765644,0,0,0,0
"146101",870,0.921447871471419,0,0,0.0785521285285811,0,0,0,0
"146102",872,0.928868537206868,0.00201285845037521,0,0.0691186043427569,0,0,0,0
"146103",874,0.909000230162184,0.00132314490602099,0,0.0896766249317954,0,0,0,0
"146104",876,0.908969813233703,0.00214501060639236,0,0.0888851761599044,0,0,0,0
"146105",878,0.921015599811126,0,0,0.078984400188874,0,0,0,0
"146106",880,0.899924859327079,0.0028956796132385,0,0.0971794610596823,0,0,0,0
"146107",882,0.90520847184797,0.0022852162979974,0,0.0925063118540326,0,0,0,0
"146108",884,0.898188259934583,0.00438718476651475,0,0.0974245552989026,0,0,0,0
"146109",886,0.910993616046265,0.00197794690476672,0,0.0870284370489684,0,0,0,0
"146110",888,0.922803842494294,0,0,0.0771961575057063,0,0,0,0
"146111",890,0.909909632757732,0.00192215462785715,0,0.0881682126144107,0,0,0,0
"146112",892,0.910040690026108,0.00382588695476313,0,0.0861334230191294,0,0,0,0
"146113",894,0.899799370466061,0,0,0.100200629533939,0,0,0,0
"146114",896,0.892504558460942,0.00272228837111929,0,0.104773153167938,0,0,0,0
"146115",898,0.902939265316627,0,0,0.0970607346833725,0,0,0,0
"146116",900,0.903685408019595,0.00253731099408808,0,0.0937772809863174,0,0,0,0
"146117",902,0.898499748705163,0.00191954584530859,0,0.0995807054495282,0,0,0,0
"146118",904,0.901543981891295,0,0,0.0984560181087054,0,0,0,0
"146119",906,0.939996872313325,0.00197517769428326,0,0.0580279499923915,0,0,0,0
"146120",908,0.925076936061126,0.00599964397867818,0,0.0689234199601962,0,0,0,0
"146121",910,0.919931512685445,0.00231303581270231,0,0.0777554515018527,0,0,0,0
"146122",912,0.939201718678961,0.00297827400449669,0,0.0578200073165423,0,0,0,0
"146123",914,0.93430897449323,0,0,0.0656910255067702,0,0,0,0
"146124",916,0.914603030340751,0.00179172178720022,0,0.0836052478720485,0,0,0,0
"146125",918,0.921649786916601,0.00447960501517989,0,0.0738706080682188,0,0,0,0
"146126",920,0.926793879875447,0.00265498738889262,0,0.0705511327356601,0,0,0,0
"146127",922,0.920191817468086,0.00301789737921886,0,0.0767902851526955,0,0,0,0
"146128",924,0.921193017278662,0.00444180026973622,0,0.0743651824516021,0,0,0,0
"146129",926,0.911011408219376,0.0026340139652164,0,0.086354577815408,0,0,0,0
"146130",928,0.923615061994382,0,0,0.076384938005618,0,0,0,0
"146131",930,0.946221726340115,0.00122300404538115,0,0.052555269614504,0,0,0,0
"146132",932,0.929992604654395,0.00184011278108114,0,0.0681672825645242,0,0,0,0
"146133",934,0.927515235316257,0,0,0.0724847646837429,0,0,0,0
"146134",936,0.940456738671185,0.00311357450108044,0,0.0564296868277346,0,0,0,0
"146135",938,0.910437013772975,0.00455320098145314,0,0.0850097852455718,0,0,0,0
"146136",940,0.9175633983921,0.00206396094826948,0,0.0803726406596309,0,0,0,0
"146137",942,0.913813961381374,0.00235440913797403,0,0.0838316294806516,0,0,0,0
"146138",944,0.879326701459658,0.0044415255772761,0,0.116231772963066,0,0,0,0
"146139",946,0.898959472183225,0.00273940530616746,0,0.0983011225106076,0,0,0,0
"146140",948,0.912081447199362,0,0,0.0879185528006385,0,0,0,0
"146141",950,0.914862545875539,0.00291690621086664,0,0.0822205479135945,0,0,0,0
"146142",952,0.936924525674473,0.00144529434377421,0,0.0616301799817532,0,0,0,0
"146143",954,0.918408479492523,0.00149516933164231,0,0.0800963511758348,0,0,0,0
"146144",956,0.929342336060217,0.00136536254396039,0,0.0692923013958224,0,0,0,0
"146145",958,0.946689949502963,0,0,0.0533100504970374,0,0,0,0
"146146",960,0.933325487231673,0.00155164613280632,0,0.0651228666355208,0,0,0,0
"146147",962,0.90145034202719,0.00215515974176295,0,0.096394498231047,0,0,0,0
"146148",964,0.923976308430024,0,0,0.0760236915699761,0,0,0,0
"146149",966,0.941276465301018,0.00303537077005627,0,0.0556881639289253,0,0,0,0
"146150",968,0.921880898048956,0.00463701946993519,0,0.0734820824811084,0,0,0,0
"146151",970,0.904999352754803,0.00201800015119716,0,0.0929826470939997,0,0,0,0
"146152",972,0.90790376420066,0.00202862304941757,0,0.0900676127499224,0,0,0,0
"146153",974,0.906329989790239,0,0,0.0936700102097605,0,0,0,0
"146154",976,0.913402699846895,0.00224593858685004,0,0.0843513615662545,0,0,0,0
"146155",978,0.905781705974076,0,0,0.0942182940259242,0,0,0,0
"146156",980,0.917246772003085,0.00247239136472153,0,0.0802808366321936,0,0,0,0
"146157",982,0.908497011082906,0.00319517718669062,0,0.0883078117304032,0,0,0,0
"146158",984,0.900859715340645,0,0,0.099140284659355,0,0,0,0
"146159",986,0.891190674186287,0.00284742587188853,0,0.105961899941824,0,0,0,0
"146160",988,0.909773214262287,0,0,0.090226785737713,0,0,0,0
"146161",990,0.909291317805028,0.0030800406417265,0,0.0876286415532459,0,0,0,0
"146162",992,0.898773765701095,0.00414159234037447,0,0.0970846419585308,0,0,0,0
"146163",994,0.919455076727999,0,0,0.0805449232720014,0,0,0,0
"146164",996,0.882455489715206,0.00314532543348889,0,0.114399184851305,0,0,0,0
"146165",998,0.916032039084176,0,0,0.0839679609158237,0,0,0,0
"146166",1000,0.926094270079953,0.00150636870622293,0,0.072399361213824,0,0,0,0
"146167",1002,0.931777229804705,0.00200743984239176,0,0.0662153303529037,0,0,0,0
"146168",1004,0.933321670440578,0.00140658962413192,0,0.0652717399352901,0,0,0,0
"146169",1006,0.931061621976916,0.00212087302179636,0,0.0668175050012873,0,0,0,0
"146170",1008,0.89956184784898,0,0,0.10043815215102,0,0,0,0
"146171",1010,0.904994107800899,0.0022698051130834,0,0.0927360870860175,0,0,0,0
"146172",1012,0.917460966804087,0.00260965043148533,0,0.0799293827644281,0,0,0,0
"146173",1014,0.912913311539924,0,0,0.0870866884600755,0,0,0,0
"146174",1016,0.925122565785742,0.000688370110924901,0,0.0741890641033335,0,0,0,0
"146175",1018,0.927476858770913,0.00263842952951358,0,0.0698847116995737,0,0,0,0
"146176",1020,0.889461796141411,0.00117016879775826,0,0.109368035060831,0,0,0,0
"146177",1022,0.90744557411177,0,0,0.0925544258882296,0,0,0,0
"146178",1024,0.91471458944862,0.00211906442375774,0,0.0831663461276218,0,0,0,0
"146179",1026,0.918668397264292,0,0,0.0813316027357079,0,0,0,0
"146180",1028,0.901090086474213,0.00170671467542938,0,0.0972031988503578,0,0,0,0
"146181",1030,0.927426558978319,0.00161718614884271,0,0.0709562548728386,0,0,0,0
"146182",1032,0.903166352262459,0,0,0.0968336477375406,0,0,0,0
"146183",1034,0.897287623357202,0.00148418517341534,0,0.101228191469383,0,0,0,0
"146184",1036,0.911180385467482,0.00124277899472665,0,0.0875768355377917,0,0,0,0
"146185",1038,0.885489806647768,0.00166676019970035,0,0.112843433152532,0,0,0,0
"146186",1040,0.930554675499905,0.000565831202387324,0,0.0688794932977076,0,0,0,0
"146187",1042,0.920561788928364,0.00131209431166759,0,0.078126116759968,0,0,0,0
"146188",1044,0.916217150202691,0.00142453702721965,0,0.0823583127700897,0,0,0,0
"146189",1046,0.907503798362509,0.00123095286413091,0,0.0912652487733602,0,0,0,0
"146190",1048,0.909969516529534,0.00136146881938731,0,0.0886690146510792,0,0,0,0
"146191",1050,0.914738029015634,0.00125098726784217,0,0.0840109837165235,0,0,0,0
"146192",1052,0.940188960112692,0,0,0.0598110398873083,0,0,0,0
"146193",1054,0.927771034964906,0.00157058062287895,0,0.0706583844122155,0,0,0,0
"146194",1056,0.923659063561541,0,0,0.0763409364384586,0,0,0,0
"146195",1058,0.911682153485,0.000896626794608514,0,0.0874212197203913,0,0,0,0
"146196",1060,0.912870676578288,0,0,0.0871293234217116,0,0,0,0
"146197",1062,0.895683295852,0.000735142562563121,0,0.103581561585437,0,0,0,0
"146198",1064,0.906294035311529,0.000147954079705669,0,0.0935580106087657,0,0,0,0
"146199",1066,0.911750876936227,0,0,0.0882491230637731,0,0,0,0
"146200",1068,0.904883208812043,0.000806501230538383,0,0.094310289957419,0,0,0,0
"146201",1070,0.903399138543765,0,0,0.0966008614562354,0,0,0,0
"146202",1072,0.901398958295005,0.000671126751563847,0,0.0979299149534308,0,0,0,0
"146203",1074,0.921801979342615,0.000603754079634416,0,0.077594266577751,0,0,0,0
"146204",1076,0.945550363978126,0,0,0.0544496360218736,0,0,0,0
"146205",1078,0.952744035761553,0.00192378503996352,0,0.0453321791984836,0,0,0,0
"146206",1080,0.957735811234904,0,0,0.0422641887650956,0,0,0,0
"146207",1082,0.929064836268135,0.000794448895524145,0,0.0701407148363405,0,0,0,0
"146208",1084,0.915146219461212,0.000681102569303926,0,0.0841726779694842,0,0,0,0
"146209",1086,0.898806271296292,0,0,0.101193728703708,0,0,0,0
"146210",1088,0.913876392101036,2.52167318319754e-05,0,0.0860983911671316,0,0,0,0
"146211",1090,0.89563137966276,0,0,0.10436862033724,0,0,0,0
"146212",1092,0.93601050077127,0.000617300261427128,0,0.0633721989673028,0,0,0,0
"146213",1094,0.915145640952041,0.000525400639182641,0,0.0843289584087767,0,0,0,0
"146214",1096,0.934740543476069,0,0,0.0652594565239312,0,0,0,0
"146215",1098,0.902782710805787,0.00546214507708854,0,0.0917551441171242,0,0,0,0
"146216",1100,0.920887209446056,0,0,0.079112790553944,0,0,0,0
"146217",1102,0.898078824020151,0.000379546246065977,0,0.101541629733783,0,0,0,0
"146218",1104,0.905027744783645,0,0,0.0949722552163553,0,0,0,0
"146219",1106,0.890730114836395,0.000354360548632897,0,0.108915524614972,0,0,0,0
"146220",1108,0.917943444923316,0.000352090257153496,0,0.0817044648195306,0,0,0,0
"146221",1110,0.909597334750573,0,0,0.0904026652494266,0,0,0,0
"146222",1112,0.936742769141468,0.00039293712244166,0,0.0628642937360906,0,0,0,0
"146223",1114,0.898873627417461,0,0,0.101126372582539,0,0,0,0
"146224",1116,0.928665599089313,0.000249938640176266,0,0.0710844622705106,0,0,0,0
"146225",1118,0.941260883944869,0.000175059445003531,0,0.0585640566101273,0,0,0,0
"146226",1120,0.9365818044881,0.00518736328878762,0,0.0582308322231128,0,0,0,0
"146227",1122,0.951758618447902,0.000574608404358967,0,0.0476667731477395,0,0,0,0
"146228",1124,0.91754580985448,0,0,0.0824541901455202,0,0,0,0
"146229",1126,0.908421080260058,0.000118555078998195,0,0.0914603646609435,0,0,0,0
"146230",1128,0.952062557324034,0.00113934700889947,0,0.0467980956670665,0,0,0,0
"146231",1130,0.913505418813631,0.000120086810156974,0,0.086374494376212,0,0,0,0
"146232",1132,0.902209281663757,0.000776227719908526,0,0.0970144906163343,0,0,0,0
"146233",1134,0.936032355302912,0,0,0.0639676446970884,0,0,0,0
"146234",1136,0.892937648826727,0.000735925937079175,0,0.106326425236194,0,0,0,0
"146235",1138,0.908609770454371,0,0,0.091390229545629,0,0,0,0
"146236",1140,0.915480440943497,0.00438272839614645,0,0.0801368306603565,0,0,0,0
"146237",1142,0.932777629705739,0.000189243901650885,0,0.0670331263926101,0,0,0,0
"146238",1144,0.906548805157466,0,0,0.0934511948425337,0,0,0,0
"146239",1146,0.922768980096575,0.000955552876296871,0,0.0762754670271281,0,0,0,0
"146240",1148,0.892375117888557,0,0,0.107624882111443,0,0,0,0
"146241",1150,0.898287914180238,0.000904152920377755,0,0.100807932899384,0,0,0,0
"146242",1152,0.90753797538846,0.000970378061728632,0,0.0914916465498114,0,0,0,0
"146243",1154,0.884299621295681,0,0,0.115700378704319,0,0,0,0
"146244",1156,0.898815912928058,0.000955959805613299,0,0.100228127266328,0,0,0,0
"146245",1158,0.908939475351107,0.000836753608977169,0,0.0902237710399159,0,0,0,0
"146246",1160,0.896781590351821,0.00484504314771182,0,0.0983733665004674,0,0,0,0
"146247",1162,0.934116739534975,0,0,0.0658832604650253,0,0,0,0
"146248",1164,0.912813618582467,0.000498087231712384,0,0.0866882941858211,0,0,0,0
"146249",1166,0.909312471613406,0.00116716902727436,0,0.0895203593593193,0,0,0,0
"146250",1168,0.915266201219081,0,0,0.0847337987809192,0,0,0,0
"146251",1170,0.877276473500109,0.00194495273614372,0,0.120778573763747,0,0,0,0
"146252",1172,0.916872759525113,0,0,0.083127240474887,0,0,0,0
"146253",1174,0.892248768571778,0.00273970530119926,0,0.105011526127023,0,0,0,0
"146254",1176,0.890770065511615,0.00196145491853322,0,0.107268479569851,0,0,0,0
"146255",1178,0.893461704979594,0.00057941231270874,0,0.105958882707698,0,0,0,0
"146256",1180,0.899812888176891,0.00164496140751938,0,0.0985421504155896,0,0,0,0
"146257",1182,0.897508739713674,0,0,0.102491260286326,0,0,0,0
"146258",1184,0.886627201242427,0.00243649425020998,0,0.110936304507363,0,0,0,0
"146259",1186,0.886661070456338,0.00222559858849933,0,0.111113330955162,0,0,0,0
"146260",1188,0.898966289605532,0,0,0.101033710394468,0,0,0,0
"146261",1190,0.898217847185842,0.00223333763944272,0,0.0995488151747151,0,0,0,0
"146262",1192,0.900064860806938,0,0,0.0999351391930617,0,0,0,0
"146263",1194,0.87804683546724,0.00292214329880391,0,0.119031021233956,0,0,0,0
"146264",1196,0.901992434039319,0.00519281858911196,0,0.0928147473715689,0,0,0,0
"146265",1198,0.899107693342043,0.00358657521892682,0,0.0973057314390303,0,0,0,0
"146266",1200,0.892494284548392,0.00240852613927802,0,0.10509718931233,0,0,0,0
"146267",1202,0.901421751349345,0,0,0.098374987125373,0,0,0,0.000203261525281931
"146268",1204,0.916651392777554,0.00203915111308737,0,0.0785012219794378,0,0,0,0.00280823412992106
"146269",1206,0.932092796735829,0,0,0.0575921329061937,0,0,0,0.0103150703579773
"146270",1208,0.885711008352966,0.00582475884497846,0,0.0861855450057972,0,0,0,0.0222786877962586
"146271",1210,0.886230170662672,0.0100799967435091,0,0.0762692946737557,0,0,0,0.0274205379200634
"146272",1212,0.837824174682374,0.0171064404873717,0,0.0843220013774914,0,0,0,0.0607473834527629
"146273",1214,0.769445285610525,0.0212190902908311,0,0.0921988336241771,0,0,0,0.117136790474467
"146274",1216,0.693061565250937,0.0118996960513877,0,0.10705315353851,0,0,0,0.187985585159165
"146275",1218,0.624143259601601,0.0187183980580728,0,0.130341067801055,0,0,0,0.226797274539271
"146276",1220,0.549751140461248,0.0182635912074678,0,0.114967058702047,0,0,0,0.317018209629237
"146277",1222,0.580653920400035,0,0,0.19269685292695,0,0,0,0.226649226673015
"146278",1224,0.499331914036677,0.0126005668792904,0,0.141935833380821,0,0,0,0.346131685703212
"146279",1226,0.521906994101838,0,0,0.174915172682901,0,0,0,0.303177833215261
"146280",1228,0.555852458950463,0.011089355890519,0,0.20327213565338,0,0,0,0.229786049505638
"146281",1230,0.518986147664073,0.00907929812167946,0,0.160966563711115,0,0,0,0.310967990503132
"146282",1232,0.496598855740786,0,0,0.155411056178498,0,0,0,0.347990088080716
"146283",1234,0.512265570749795,0.00914056522789363,0,0.192233259636072,0,0,0,0.286360604386239
"146284",1236,0.507378526231126,0.00886723662485917,0,0.181587037539659,0,0,0,0.302167199604356
"146285",1238,0.487233877932288,0,0,0.241014249320584,0,0,0,0.271751872747128
"146286",1240,0.470557972827299,0.0091087920827397,0,0.202891336415074,0,0,0,0.317441898674888
"146287",1242,0.483938265747938,0,0,0.173554502781486,0,0,0,0.342507231470576
"146288",1244,0.454155794971686,0.0205730612284885,0,0.2055870927933,0,0,0,0.319684051006526
"146289",1246,0.445334013022465,0.00726167589823671,0,0.245576909578315,0,0,0,0.301827401500983
"146290",1248,0.415658870727225,0,0,0.2963391056904,0,0,0,0.288002023582376
"146291",1250,0.404106764825842,0.00868478425542189,0,0.300684548043245,0,0,0,0.286523902875491
"146292",1252,0.384310564859266,0.0123394982573633,0,0.312453971378211,0,0,0,0.29089596550516
"146293",1254,0.434289114615635,0.0107538148029344,0,0.253915428871597,0,0,0,0.301041641709834
"146294",1256,0.433272404925526,0.0109925638319003,0,0.272772465207049,0,0,0,0.282962566035524
"146295",1258,0.427526573628657,0.00780819763122922,0,0.282266941256169,0,0,0,0.282398287483944
"146296",1260,0.325863044345104,0.0117598346292319,0,0.38802504777948,0,0,0,0.274352073246184
"146297",1262,0.432762366604708,0.00848686084801194,0,0.258853762044752,0,0,0,0.299897010502528
"146298",1264,0.410711007761321,0.0146202525262003,0,0.276267649644779,0,0,0,0.298401090067699
"146299",1266,0.429439499276481,0.00769731252297825,0,0.280349130707375,0,0,0,0.282514057493166
"146300",1268,0.389707450021241,0.0203431180591413,0,0.33218206405632,0,0,0,0.257767367863298
"146301",1270,0.407573846861923,0.0235825247162317,0,0.270366014241772,0,0,0,0.298477614180074
"146302",1272,0.398678196325595,0.0112492413129069,0,0.307964187899435,0,0,0,0.282108374462064
"146303",1274,0.379507110359287,0.015650312938591,0,0.284293036555755,0,0,0,0.320549540146368
"146304",1276,0.325178738380073,0.0149099435846885,0,0.361562353505694,0,0,0,0.298348964529545
"146305",1278,0.33384931566557,0.00823044074922871,0,0.279829210421106,0,0,0,0.378091033164095
"146306",1280,0.295359567996724,0.00961436383682503,0,0.37951328445764,0,0,0,0.31551278370881
"146307",1282,0.329173518523658,0.0111797861682118,0,0.298564583909433,0,0,0,0.361082111398698
"146308",1284,0.2834725791584,0.0130717156754764,0,0.363003599274349,0,0,0,0.340452105891775
"146309",1286,0.264388238123994,0.0128351765353669,0,0.354327960826478,0,0,0,0.368448624514162
"146310",1288,0.257110012233169,0.0131582961866056,0,0.373185636538976,0,0,0,0.356546055041249
"146311",1290,0.271298716506858,0.0101996204572629,0,0.389602810099223,0,0,0,0.328898852936656
"146312",1292,0.260115221281046,0.00791439924696572,0,0.407205623445612,0,0,0,0.324764756026376
"146313",1294,0.266167210773031,0.0102733847055518,0,0.424035654224529,0,0,0,0.299523750296889
"146314",1296,0.299868942453265,0.00842361913345556,0,0.371635645927769,0,0,0,0.32007179248551
"146315",1298,0.287879460301075,0.00913638225395274,0,0.420744477421057,0,0,0,0.282239680023915
"146316",1300,0.328434499504512,0.00532076145573687,0,0.46622282223646,0,0,0,0.200021916803291
"146317",1302,0.385149508334233,0.000873043615274036,0,0.397741107904261,0,0,0,0.216236340146233
"146318",1304,0.310373862803604,0.0218350860014681,0,0.507951433626476,0,0,0,0.159839617568452
"146319",1306,0.331965810763398,0.0226457223794487,0,0.486348383177158,0,0,0,0.159040083679995
"146320",1308,0.309727915809192,0.0345682163885622,0,0.439131931017329,0,0,0,0.216571936784917
"146321",1310,0.246563859829188,0.0328374631339797,0,0.469584717908219,0,0,0,0.251013959128613
"146322",1312,0.194921822649795,0.0552356063641387,0,0.472360177677126,0,0,0,0.277482393308941
"146323",1314,0.110167296593534,0.104871008864825,0,0.521837538731171,0,0,0,0.26312415581047
"146324",1316,0.101609373107533,0.0790579660055357,0,0.548885165752073,0,0,0,0.270447495134858
"146325",1318,0.0669231187125659,0.0699628596729495,0,0.537731135377796,0,0,0,0.325382886236689
"146326",1320,0.0210602646460087,0.192187144043031,0,0.420270860063828,0,0,0,0.366481731247132
"146327",1322,0.0340198560685895,0.155214122183313,0,0.409890672621807,0,0,0,0.400875349126291
"146328",1324,0.12521630895515,0.168212062180643,0,0.335408097001371,0,0,0,0.371163531862836
"146329",1326,0.192694635715556,0.162100094248702,0,0.273881760346297,0,0,0,0.371323509689445
"146330",1328,0.184562223047284,0.154188586141998,0,0.275260583655185,0,0,0,0.385988607155532
"146331",1330,0.706071519247726,0.094953112388269,0,0.0729070162677425,0,0,0,0.126068352096263
"146332",1332,0.347651666603904,0.159793650968304,0,0.251234019929703,0,0,0,0.24132066249809
"146333",1334,0.580117031058559,0.103437013630119,0,0.124614081370702,0,0,0,0.19183187394062
"146334",1336,0.168337512340402,0.154902698693955,0,0.265633841029159,0,0,0,0.411125947936483
"146335",1338,0.392722422846087,0.139968848004827,0,0.156470776498151,0,0,0,0.310837952650935
"146336",1340,0.639321658065857,0.082715718742029,0,0.100500784014499,0,0,0,0.177461839177615
"146337",1342,0.678518959933295,0.0724034995318874,0,0.0768329533874469,0,0,0,0.172244587147371
"146338",1344,0.680954153959586,0.0981954469491246,0,0.0731644446304467,0,0,0,0.147685954460843
"146339",1346,0.661562850025512,0.103738189372947,0,0.0695298294283986,0,0,0,0.165169131173142
"146340",1348,0.670479955458126,0.0762853191124466,0,0.0816085559845864,0,0,0,0.171626169444841
"146341",1350,0.642003991419507,0.0770802355317024,0,0.092647743309025,0,0,0,0.188268029739765
"146342",1352,0.583345142114525,0.122291720488506,0,0.133971928830583,0,0,0,0.160391208566385
"146343",1354,0.130786201958679,0.122689334030979,0,0.322563514927391,0,0,0,0.423960949082952
"146344",1356,0.260699956195187,0.130821336866973,0,0.306815733798396,0,0,0,0.301662973139444
"146345",1358,0.147808430699632,0.158379940919319,0,0.301687631433525,0,0,0,0.392123996947524
"146346",1360,0.4258565643605,0.144756491636141,0,0.200030380082646,0,0,0,0.229356563920713
"146347",1362,0.392647227023249,0.144884122248537,0,0.193628223001132,0,0,0,0.268840427727082
"146348",1364,0.203944133898346,0.113354789430683,0,0.289921156812479,0,0,0,0.392779919858492
"146349",1366,0.306018550757487,0.164796522806048,0,0.289413673168746,0,0,0,0.239771253267719
"NA",NA,NA,NA,NA,NA,NA,NA,NA,NA
"NA.1",NA,NA,NA,NA,NA,NA,NA,NA,NA
"NA.2",NA,NA,NA,NA,NA,NA,NA,NA,NA
"NA.3",NA,NA,NA,NA,NA,NA,NA,NA,NA
"NA.4",NA,NA,NA,NA,NA,NA,NA,NA,NA
"NA.5",NA,NA,NA,NA,NA,NA,NA,NA,NA
"NA.6",NA,NA,NA,NA,NA,NA,NA,NA,NA
"NA.7",NA,NA,NA,NA,NA,NA,NA,NA,NA
"NA.8",NA,NA,NA,NA,NA,NA,NA,NA,NA
"NA.9",NA,NA,NA,NA,NA,NA,NA,NA,NA
"NA.10",NA,NA,NA,NA,NA,NA,NA,NA,NA
"NA.11",NA,NA,NA,NA,NA,NA,NA,NA,NA
"NA.12",NA,NA,NA,NA,NA,NA,NA,NA,NA
"NA.13",NA,NA,NA,NA,NA,NA,NA,NA,NA
"NA.14",NA,NA,NA,NA,NA,NA,NA,NA,NA
"NA.15",NA,NA,NA,NA,NA,NA,NA,NA,NA
"NA.16",NA,NA,NA,NA,NA,NA,NA,NA,NA
"NA.17",NA,NA,NA,NA,NA,NA,NA,NA,NA
"NA.18",NA,NA,NA,NA,NA,NA,NA,NA,NA
"NA.19",NA,NA,NA,NA,NA,NA,NA,NA,NA
"NA.20",NA,NA,NA,NA,NA,NA,NA,NA,NA
"NA.21",NA,NA,NA,NA,NA,NA,NA,NA,NA
"NA.22",NA,NA,NA,NA,NA,NA,NA,NA,NA
"NA.23",NA,NA,NA,NA,NA,NA,NA,NA,NA
"NA.24",NA,NA,NA,NA,NA,NA,NA,NA,NA
"NA.25",NA,NA,NA,NA,NA,NA,NA,NA,NA
"NA.26",NA,NA,NA,NA,NA,NA,NA,NA,NA
"NA.27",NA,NA,NA,NA,NA,NA,NA,NA,NA
"NA.28",NA,NA,NA,NA,NA,NA,NA,NA,NA
"NA.29",NA,NA,NA,NA,NA,NA,NA,NA,NA
"NA.30",NA,NA,NA,NA,NA,NA,NA,NA,NA
"NA.31",NA,NA,NA,NA,NA,NA,NA,NA,NA
"NA.32",NA,NA,NA,NA,NA,NA,NA,NA,NA
"NA.33",NA,NA,NA,NA,NA,NA,NA,NA,NA
"NA.34",NA,NA,NA,NA,NA,NA,NA,NA,NA
"NA.35",NA,NA,NA,NA,NA,NA,NA,NA,NA
"NA.36",NA,NA,NA,NA,NA,NA,NA,NA,NA
"NA.37",NA,NA,NA,NA,NA,NA,NA,NA,NA
"NA.38",NA,NA,NA,NA,NA,NA,NA,NA,NA
"NA.39",NA,NA,NA,NA,NA,NA,NA,NA,NA
"NA.40",NA,NA,NA,NA,NA,NA,NA,NA,NA
"NA.41",NA,NA,NA,NA,NA,NA,NA,NA,NA
"NA.42",NA,NA,NA,NA,NA,NA,NA,NA,NA
"NA.43",NA,NA,NA,NA,NA,NA,NA,NA,NA
"NA.44",NA,NA,NA,NA,NA,NA,NA,NA,NA
"NA.45",NA,NA,NA,NA,NA,NA,NA,NA,NA
"NA.46",NA,NA,NA,NA,NA,NA,NA,NA,NA
"NA.47",NA,NA,NA,NA,NA,NA,NA,NA,NA
"NA.48",NA,NA,NA,NA,NA,NA,NA,NA,NA
"NA.49",NA,NA,NA,NA,NA,NA,NA,NA,NA
"NA.50",NA,NA,NA,NA,NA,NA,NA,NA,NA
"NA.51",NA,NA,NA,NA,NA,NA,NA,NA,NA
"NA.52",NA,NA,NA,NA,NA,NA,NA,NA,NA
"NA.53",NA,NA,NA,NA,NA,NA,NA,NA,NA
"NA.54",NA,NA,NA,NA,NA,NA,NA,NA,NA
"NA.55",NA,NA,NA,NA,NA,NA,NA,NA,NA
"NA.56",NA,NA,NA,NA,NA,NA,NA,NA,NA
"NA.57",NA,NA,NA,NA,NA,NA,NA,NA,NA
"NA.58",NA,NA,NA,NA,NA,NA,NA,NA,NA
"NA.59",NA,NA,NA,NA,NA,NA,NA,NA,NA
"NA.60",NA,NA,NA,NA,NA,NA,NA,NA,NA
"NA.61",NA,NA,NA,NA,NA,NA,NA,NA,NA
"NA.62",NA,NA,NA,NA,NA,NA,NA,NA,NA
"NA.63",NA,NA,NA,NA,NA,NA,NA,NA,NA
"NA.64",NA,NA,NA,NA,NA,NA,NA,NA,NA
"NA.65",NA,NA,NA,NA,NA,NA,NA,NA,NA
"NA.66",NA,NA,NA,NA,NA,NA,NA,NA,NA
"NA.67",NA,NA,NA,NA,NA,NA,NA,NA,NA
"NA.68",NA,NA,NA,NA,NA,NA,NA,NA,NA
"NA.69",NA,NA,NA,NA,NA,NA,NA,NA,NA
"NA.70",NA,NA,NA,NA,NA,NA,NA,NA,NA
"NA.71",NA,NA,NA,NA,NA,NA,NA,NA,NA
"NA.72",NA,NA,NA,NA,NA,NA,NA,NA,NA
"NA.73",NA,NA,NA,NA,NA,NA,NA,NA,NA
"NA.74",NA,NA,NA,NA,NA,NA,NA,NA,NA
"NA.75",NA,NA,NA,NA,NA,NA,NA,NA,NA
"NA.76",NA,NA,NA,NA,NA,NA,NA,NA,NA
"NA.77",NA,NA,NA,NA,NA,NA,NA,NA,NA
"NA.78",NA,NA,NA,NA,NA,NA,NA,NA,NA
"NA.79",NA,NA,NA,NA,NA,NA,NA,NA,NA
"NA.80",NA,NA,NA,NA,NA,NA,NA,NA,NA
"NA.81",NA,NA,NA,NA,NA,NA,NA,NA,NA
"NA.82",NA,NA,NA,NA,NA,NA,NA,NA,NA
"NA.83",NA,NA,NA,NA,NA,NA,NA,NA,NA
"NA.84",NA,NA,NA,NA,NA,NA,NA,NA,NA
"NA.85",NA,NA,NA,NA,NA,NA,NA,NA,NA
"NA.86",NA,NA,NA,NA,NA,NA,NA,NA,NA
"NA.87",NA,NA,NA,NA,NA,NA,NA,NA,NA
"NA.88",NA,NA,NA,NA,NA,NA,NA,NA,NA
"NA.89",NA,NA,NA,NA,NA,NA,NA,NA,NA
"NA.90",NA,NA,NA,NA,NA,NA,NA,NA,NA
"NA.91",NA,NA,NA,NA,NA,NA,NA,NA,NA
"NA.92",NA,NA,NA,NA,NA,NA,NA,NA,NA
"NA.93",NA,NA,NA,NA,NA,NA,NA,NA,NA
"NA.94",NA,NA,NA,NA,NA,NA,NA,NA,NA
"NA.95",NA,NA,NA,NA,NA,NA,NA,NA,NA
"NA.96",NA,NA,NA,NA,NA,NA,NA,NA,NA
"NA.97",NA,NA,NA,NA,NA,NA,NA,NA,NA
"NA.98",NA,NA,NA,NA,NA,NA,NA,NA,NA
"NA.99",NA,NA,NA,NA,NA,NA,NA,NA,NA
"NA.100",NA,NA,NA,NA,NA,NA,NA,NA,NA
"NA.101",NA,NA,NA,NA,NA,NA,NA,NA,NA
"NA.102",NA,NA,NA,NA,NA,NA,NA,NA,NA
"NA.103",NA,NA,NA,NA,NA,NA,NA,NA,NA
"NA.104",NA,NA,NA,NA,NA,NA,NA,NA,NA
"NA.105",NA,NA,NA,NA,NA,NA,NA,NA,NA
"NA.106",NA,NA,NA,NA,NA,NA,NA,NA,NA
"NA.107",NA,NA,NA,NA,NA,NA,NA,NA,NA
"NA.108",NA,NA,NA,NA,NA,NA,NA,NA,NA
"NA.109",NA,NA,NA,NA,NA,NA,NA,NA,NA
"NA.110",NA,NA,NA,NA,NA,NA,NA,NA,NA
"NA.111",NA,NA,NA,NA,NA,NA,NA,NA,NA
"NA.112",NA,NA,NA,NA,NA,NA,NA,NA,NA
"NA.113",NA,NA,NA,NA,NA,NA,NA,NA,NA
"NA.114",NA,NA,NA,NA,NA,NA,NA,NA,NA
"NA.115",NA,NA,NA,NA,NA,NA,NA,NA,NA
"NA.116",NA,NA,NA,NA,NA,NA,NA,NA,NA
"NA.117",NA,NA,NA,NA,NA,NA,NA,NA,NA
"NA.118",NA,NA,NA,NA,NA,NA,NA,NA,NA
"NA.119",NA,NA,NA,NA,NA,NA,NA,NA,NA
"NA.120",NA,NA,NA,NA,NA,NA,NA,NA,NA
"NA.121",NA,NA,NA,NA,NA,NA,NA,NA,NA
"NA.122",NA,NA,NA,NA,NA,NA,NA,NA,NA
"NA.123",NA,NA,NA,NA,NA,NA,NA,NA,NA
"NA.124",NA,NA,NA,NA,NA,NA,NA,NA,NA
"NA.125",NA,NA,NA,NA,NA,NA,NA,NA,NA
"NA.126",NA,NA,NA,NA,NA,NA,NA,NA,NA
"NA.127",NA,NA,NA,NA,NA,NA,NA,NA,NA
"NA.128",NA,NA,NA,NA,NA,NA,NA,NA,NA
"NA.129",NA,NA,NA,NA,NA,NA,NA,NA,NA
"NA.130",NA,NA,NA,NA,NA,NA,NA,NA,NA
"NA.131",NA,NA,NA,NA,NA,NA,NA,NA,NA
"NA.132",NA,NA,NA,NA,NA,NA,NA,NA,NA
"NA.133",NA,NA,NA,NA,NA,NA,NA,NA,NA
"NA.134",NA,NA,NA,NA,NA,NA,NA,NA,NA
"NA.135",NA,NA,NA,NA,NA,NA,NA,NA,NA
"NA.136",NA,NA,NA,NA,NA,NA,NA,NA,NA
"NA.137",NA,NA,NA,NA,NA,NA,NA,NA,NA
"NA.138",NA,NA,NA,NA,NA,NA,NA,NA,NA
"NA.139",NA,NA,NA,NA,NA,NA,NA,NA,NA
"NA.140",NA,NA,NA,NA,NA,NA,NA,NA,NA
"NA.141",NA,NA,NA,NA,NA,NA,NA,NA,NA
"NA.142",NA,NA,NA,NA,NA,NA,NA,NA,NA
"NA.143",NA,NA,NA,NA,NA,NA,NA,NA,NA
"NA.144",NA,NA,NA,NA,NA,NA,NA,NA,NA
"NA.145",NA,NA,NA,NA,NA,NA,NA,NA,NA
"NA.146",NA,NA,NA,NA,NA,NA,NA,NA,NA
"NA.147",NA,NA,NA,NA,NA,NA,NA,NA,NA
"NA.148",NA,NA,NA,NA,NA,NA,NA,NA,NA
"NA.149",NA,NA,NA,NA,NA,NA,NA,NA,NA
"NA.150",NA,NA,NA,NA,NA,NA,NA,NA,NA
"NA.151",NA,NA,NA,NA,NA,NA,NA,NA,NA
"NA.152",NA,NA,NA,NA,NA,NA,NA,NA,NA
"NA.153",NA,NA,NA,NA,NA,NA,NA,NA,NA
"NA.154",NA,NA,NA,NA,NA,NA,NA,NA,NA
"NA.155",NA,NA,NA,NA,NA,NA,NA,NA,NA
"NA.156",NA,NA,NA,NA,NA,NA,NA,NA,NA
"NA.157",NA,NA,NA,NA,NA,NA,NA,NA,NA
"NA.158",NA,NA,NA,NA,NA,NA,NA,NA,NA
"NA.159",NA,NA,NA,NA,NA,NA,NA,NA,NA
"NA.160",NA,NA,NA,NA,NA,NA,NA,NA,NA
"NA.161",NA,NA,NA,NA,NA,NA,NA,NA,NA
"NA.162",NA,NA,NA,NA,NA,NA,NA,NA,NA
"NA.163",NA,NA,NA,NA,NA,NA,NA,NA,NA
"NA.164",NA,NA,NA,NA,NA,NA,NA,NA,NA
"NA.165",NA,NA,NA,NA,NA,NA,NA,NA,NA
"NA.166",NA,NA,NA,NA,NA,NA,NA,NA,NA
"NA.167",NA,NA,NA,NA,NA,NA,NA,NA,NA
"NA.168",NA,NA,NA,NA,NA,NA,NA,NA,NA
"NA.169",NA,NA,NA,NA,NA,NA,NA,NA,NA
"NA.170",NA,NA,NA,NA,NA,NA,NA,NA,NA
"NA.171",NA,NA,NA,NA,NA,NA,NA,NA,NA
"NA.172",NA,NA,NA,NA,NA,NA,NA,NA,NA
"NA.173",NA,NA,NA,NA,NA,NA,NA,NA,NA
"NA.174",NA,NA,NA,NA,NA,NA,NA,NA,NA
"NA.175",NA,NA,NA,NA,NA,NA,NA,NA,NA
"NA.176",NA,NA,NA,NA,NA,NA,NA,NA,NA
"NA.177",NA,NA,NA,NA,NA,NA,NA,NA,NA
"NA.178",NA,NA,NA,NA,NA,NA,NA,NA,NA
"NA.179",NA,NA,NA,NA,NA,NA,NA,NA,NA
"NA.180",NA,NA,NA,NA,NA,NA,NA,NA,NA
"NA.181",NA,NA,NA,NA,NA,NA,NA,NA,NA
"NA.182",NA,NA,NA,NA,NA,NA,NA,NA,NA
"NA.183",NA,NA,NA,NA,NA,NA,NA,NA,NA
"NA.184",NA,NA,NA,NA,NA,NA,NA,NA,NA
"NA.185",NA,NA,NA,NA,NA,NA,NA,NA,NA
"NA.186",NA,NA,NA,NA,NA,NA,NA,NA,NA
"NA.187",NA,NA,NA,NA,NA,NA,NA,NA,NA
"NA.188",NA,NA,NA,NA,NA,NA,NA,NA,NA
"NA.189",NA,NA,NA,NA,NA,NA,NA,NA,NA
"NA.190",NA,NA,NA,NA,NA,NA,NA,NA,NA
"NA.191",NA,NA,NA,NA,NA,NA,NA,NA,NA
"NA.192",NA,NA,NA,NA,NA,NA,NA,NA,NA
"NA.193",NA,NA,NA,NA,NA,NA,NA,NA,NA
"NA.194",NA,NA,NA,NA,NA,NA,NA,NA,NA
"NA.195",NA,NA,NA,NA,NA,NA,NA,NA,NA
"NA.196",NA,NA,NA,NA,NA,NA,NA,NA,NA
"NA.197",NA,NA,NA,NA,NA,NA,NA,NA,NA
"NA.198",NA,NA,NA,NA,NA,NA,NA,NA,NA
"NA.199",NA,NA,NA,NA,NA,NA,NA,NA,NA
"NA.200",NA,NA,NA,NA,NA,NA,NA,NA,NA
"NA.201",NA,NA,NA,NA,NA,NA,NA,NA,NA
"NA.202",NA,NA,NA,NA,NA,NA,NA,NA,NA
"NA.203",NA,NA,NA,NA,NA,NA,NA,NA,NA
"NA.204",NA,NA,NA,NA,NA,NA,NA,NA,NA
"NA.205",NA,NA,NA,NA,NA,NA,NA,NA,NA
"NA.206",NA,NA,NA,NA,NA,NA,NA,NA,NA
"NA.207",NA,NA,NA,NA,NA,NA,NA,NA,NA
"NA.208",NA,NA,NA,NA,NA,NA,NA,NA,NA
"NA.209",NA,NA,NA,NA,NA,NA,NA,NA,NA
"NA.210",NA,NA,NA,NA,NA,NA,NA,NA,NA
"NA.211",NA,NA,NA,NA,NA,NA,NA,NA,NA
"NA.212",NA,NA,NA,NA,NA,NA,NA,NA,NA
"NA.213",NA,NA,NA,NA,NA,NA,NA,NA,NA
"NA.214",NA,NA,NA,NA,NA,NA,NA,NA,NA
"NA.215",NA,NA,NA,NA,NA,NA,NA,NA,NA
"NA.216",NA,NA,NA,NA,NA,NA,NA,NA,NA
"NA.217",NA,NA,NA,NA,NA,NA,NA,NA,NA
"NA.218",NA,NA,NA,NA,NA,NA,NA,NA,NA
"NA.219",NA,NA,NA,NA,NA,NA,NA,NA,NA
"NA.220",NA,NA,NA,NA,NA,NA,NA,NA,NA
"NA.221",NA,NA,NA,NA,NA,NA,NA,NA,NA
"NA.222",NA,NA,NA,NA,NA,NA,NA,NA,NA
"NA.223",NA,NA,NA,NA,NA,NA,NA,NA,NA
"NA.224",NA,NA,NA,NA,NA,NA,NA,NA,NA
"NA.225",NA,NA,NA,NA,NA,NA,NA,NA,NA
"NA.226",NA,NA,NA,NA,NA,NA,NA,NA,NA
"NA.227",NA,NA,NA,NA,NA,NA,NA,NA,NA
"NA.228",NA,NA,NA,NA,NA,NA,NA,NA,NA
"NA.229",NA,NA,NA,NA,NA,NA,NA,NA,NA
"NA.230",NA,NA,NA,NA,NA,NA,NA,NA,NA
"NA.231",NA,NA,NA,NA,NA,NA,NA,NA,NA
"NA.232",NA,NA,NA,NA,NA,NA,NA,NA,NA
"NA.233",NA,NA,NA,NA,NA,NA,NA,NA,NA
"NA.234",NA,NA,NA,NA,NA,NA,NA,NA,NA
"NA.235",NA,NA,NA,NA,NA,NA,NA,NA,NA
"NA.236",NA,NA,NA,NA,NA,NA,NA,NA,NA
"NA.237",NA,NA,NA,NA,NA,NA,NA,NA,NA
"NA.238",NA,NA,NA,NA,NA,NA,NA,NA,NA
"NA.239",NA,NA,NA,NA,NA,NA,NA,NA,NA
"NA.240",NA,NA,NA,NA,NA,NA,NA,NA,NA
"NA.241",NA,NA,NA,NA,NA,NA,NA,NA,NA
"NA.242",NA,NA,NA,NA,NA,NA,NA,NA,NA
"NA.243",NA,NA,NA,NA,NA,NA,NA,NA,NA
"NA.244",NA,NA,NA,NA,NA,NA,NA,NA,NA
"NA.245",NA,NA,NA,NA,NA,NA,NA,NA,NA
"NA.246",NA,NA,NA,NA,NA,NA,NA,NA,NA
"NA.247",NA,NA,NA,NA,NA,NA,NA,NA,NA
"NA.248",NA,NA,NA,NA,NA,NA,NA,NA,NA
"NA.249",NA,NA,NA,NA,NA,NA,NA,NA,NA
"NA.250",NA,NA,NA,NA,NA,NA,NA,NA,NA
"NA.251",NA,NA,NA,NA,NA,NA,NA,NA,NA
"NA.252",NA,NA,NA,NA,NA,NA,NA,NA,NA
"NA.253",NA,NA,NA,NA,NA,NA,NA,NA,NA
"NA.254",NA,NA,NA,NA,NA,NA,NA,NA,NA
"NA.255",NA,NA,NA,NA,NA,NA,NA,NA,NA
"NA.256",NA,NA,NA,NA,NA,NA,NA,NA,NA
"NA.257",NA,NA,NA,NA,NA,NA,NA,NA,NA
"NA.258",NA,NA,NA,NA,NA,NA,NA,NA,NA
"NA.259",NA,NA,NA,NA,NA,NA,NA,NA,NA
"NA.260",NA,NA,NA,NA,NA,NA,NA,NA,NA
"NA.261",NA,NA,NA,NA,NA,NA,NA,NA,NA
"NA.262",NA,NA,NA,NA,NA,NA,NA,NA,NA
"NA.263",NA,NA,NA,NA,NA,NA,NA,NA,NA
"NA.264",NA,NA,NA,NA,NA,NA,NA,NA,NA
"NA.265",NA,NA,NA,NA,NA,NA,NA,NA,NA
"NA.266",NA,NA,NA,NA,NA,NA,NA,NA,NA
"NA.267",NA,NA,NA,NA,NA,NA,NA,NA,NA
"NA.268",NA,NA,NA,NA,NA,NA,NA,NA,NA
"NA.269",NA,NA,NA,NA,NA,NA,NA,NA,NA
"NA.270",NA,NA,NA,NA,NA,NA,NA,NA,NA
"NA.271",NA,NA,NA,NA,NA,NA,NA,NA,NA
"NA.272",NA,NA,NA,NA,NA,NA,NA,NA,NA
"NA.273",NA,NA,NA,NA,NA,NA,NA,NA,NA
"NA.274",NA,NA,NA,NA,NA,NA,NA,NA,NA
"NA.275",NA,NA,NA,NA,NA,NA,NA,NA,NA
"NA.276",NA,NA,NA,NA,NA,NA,NA,NA,NA
"NA.277",NA,NA,NA,NA,NA,NA,NA,NA,NA
"NA.278",NA,NA,NA,NA,NA,NA,NA,NA,NA
"NA.279",NA,NA,NA,NA,NA,NA,NA,NA,NA
"NA.280",NA,NA,NA,NA,NA,NA,NA,NA,NA
"NA.281",NA,NA,NA,NA,NA,NA,NA,NA,NA
"NA.282",NA,NA,NA,NA,NA,NA,NA,NA,NA
"NA.283",NA,NA,NA,NA,NA,NA,NA,NA,NA
"NA.284",NA,NA,NA,NA,NA,NA,NA,NA,NA
"NA.285",NA,NA,NA,NA,NA,NA,NA,NA,NA
"NA.286",NA,NA,NA,NA,NA,NA,NA,NA,NA
"NA.287",NA,NA,NA,NA,NA,NA,NA,NA,NA
"NA.288",NA,NA,NA,NA,NA,NA,NA,NA,NA
"NA.289",NA,NA,NA,NA,NA,NA,NA,NA,NA
"NA.290",NA,NA,NA,NA,NA,NA,NA,NA,NA
"NA.291",NA,NA,NA,NA,NA,NA,NA,NA,NA
"NA.292",NA,NA,NA,NA,NA,NA,NA,NA,NA
"NA.293",NA,NA,NA,NA,NA,NA,NA,NA,NA
"NA.294",NA,NA,NA,NA,NA,NA,NA,NA,NA
"NA.295",NA,NA,NA,NA,NA,NA,NA,NA,NA
"NA.296",NA,NA,NA,NA,NA,NA,NA,NA,NA
"NA.297",NA,NA,NA,NA,NA,NA,NA,NA,NA
"NA.298",NA,NA,NA,NA,NA,NA,NA,NA,NA
"NA.299",NA,NA,NA,NA,NA,NA,NA,NA,NA
"NA.300",NA,NA,NA,NA,NA,NA,NA,NA,NA
"NA.301",NA,NA,NA,NA,NA,NA,NA,NA,NA
"NA.302",NA,NA,NA,NA,NA,NA,NA,NA,NA
"NA.303",NA,NA,NA,NA,NA,NA,NA,NA,NA
"NA.304",NA,NA,NA,NA,NA,NA,NA,NA,NA
"NA.305",NA,NA,NA,NA,NA,NA,NA,NA,NA
"NA.306",NA,NA,NA,NA,NA,NA,NA,NA,NA
"NA.307",NA,NA,NA,NA,NA,NA,NA,NA,NA
"NA.308",NA,NA,NA,NA,NA,NA,NA,NA,NA
"NA.309",NA,NA,NA,NA,NA,NA,NA,NA,NA
"NA.310",NA,NA,NA,NA,NA,NA,NA,NA,NA
"NA.311",NA,NA,NA,NA,NA,NA,NA,NA,NA
"NA.312",NA,NA,NA,NA,NA,NA,NA,NA,NA
"NA.313",NA,NA,NA,NA,NA,NA,NA,NA,NA
"NA.314",NA,NA,NA,NA,NA,NA,NA,NA,NA
"NA.315",NA,NA,NA,NA,NA,NA,NA,NA,NA
"NA.316",NA,NA,NA,NA,NA,NA,NA,NA,NA
